date,open,high,low,close,volume
2021-12-21T09:15:00+0530,16773.15,16780.6,16723.8,16776.95,0
2021-12-21T09:20:00+0530,16777.15,16823.6,16776.95,16814.35,0
2021-12-21T09:25:00+0530,16813.3,16839.15,16784.35,16789.75,0
2021-12-21T09:30:00+0530,16789.45,16799.9,16737.25,16757.85,0
2021-12-21T09:35:00+0530,16757.5,16774.75,16729.5,16745.9,0
2021-12-21T09:40:00+0530,16745.3,16791.55,16742.55,16790.55,0
2021-12-21T09:45:00+0530,16789.95,16807.5,16782.6,16803.95,0
2021-12-21T09:50:00+0530,16803.8,16817.1,16798.2,16815.4,0
2021-12-21T09:55:00+0530,16816.1,16839.1,16814.25,16827.2,0
2021-12-21T10:00:00+0530,16827.5,16831.0,16810.35,16829.45,0
2021-12-21T10:05:00+0530,16829.0,16829.4,16812.6,16815.5,0
2021-12-21T10:10:00+0530,16816.3,16824.15,16809.45,16809.8,0
2021-12-21T10:15:00+0530,16810.7,16840.05,16809.8,16830.05,0
2021-12-21T10:20:00+0530,16830.65,16850.15,16827.15,16845.75,0
2021-12-21T10:25:00+0530,16845.75,16860.5,16845.75,16859.0,0
2021-12-21T10:30:00+0530,16858.95,16861.75,16853.15,16854.6,0
2021-12-21T10:35:00+0530,16854.05,16871.15,16847.45,16866.9,0
2021-12-21T10:40:00+0530,16866.95,16872.7,16853.55,16872.7,0
2021-12-21T10:45:00+0530,16872.35,16878.1,16865.95,16866.8,0
2021-12-21T10:50:00+0530,16866.2,16883.3,16864.3,16881.75,0
2021-12-21T10:55:00+0530,16882.6,16890.6,16877.05,16889.2,0
2021-12-21T11:00:00+0530,16888.8,16903.0,16888.8,16896.9,0
2021-12-21T11:05:00+0530,16897.8,16899.7,16868.5,16883.8,0
2021-12-21T11:10:00+0530,16883.8,16888.65,16878.3,16881.85,0
2021-12-21T11:15:00+0530,16881.3,16886.7,16855.8,16860.7,0
2021-12-21T11:20:00+0530,16861.35,16876.55,16860.05,16868.15,0
2021-12-21T11:25:00+0530,16867.85,16875.15,16862.85,16867.45,0
2021-12-21T11:30:00+0530,16867.3,16887.45,16863.15,16886.55,0
2021-12-21T11:35:00+0530,16886.6,16890.4,16878.6,16880.4,0
2021-12-21T11:40:00+0530,16880.45,16890.55,16880.45,16889.25,0
2021-12-21T11:45:00+0530,16889.65,16919.65,16889.65,16915.15,0
2021-12-21T11:50:00+0530,16914.65,16927.0,16914.25,16923.95,0
2021-12-21T11:55:00+0530,16924.55,16926.15,16909.0,16911.85,0
2021-12-21T12:00:00+0530,16912.1,16927.05,16907.05,16925.9,0
2021-12-21T12:05:00+0530,16924.85,16928.8,16919.15,16926.45,0
2021-12-21T12:10:00+0530,16926.5,16928.5,16916.2,16926.55,0
2021-12-21T12:15:00+0530,16926.75,16928.25,16911.45,16912.8,0
2021-12-21T12:20:00+0530,16912.75,16913.15,16892.35,16896.0,0
2021-12-21T12:25:00+0530,16895.8,16906.75,16887.9,16904.45,0
2021-12-21T12:30:00+0530,16904.2,16923.3,16898.5,16918.45,0
2021-12-21T12:35:00+0530,16918.7,16927.5,16916.75,16923.7,0
2021-12-21T12:40:00+0530,16922.6,16936.35,16914.55,16932.45,0
2021-12-21T12:45:00+0530,16932.7,16935.25,16922.45,16929.4,0
2021-12-21T12:50:00+0530,16929.45,16931.55,16918.0,16919.1,0
2021-12-21T12:55:00+0530,16919.2,16928.75,16909.95,16927.05,0
2021-12-21T13:00:00+0530,16927.15,16928.2,16908.7,16913.45,0
2021-12-21T13:05:00+0530,16913.45,16915.65,16877.9,16886.95,0
2021-12-21T13:10:00+0530,16886.7,16893.3,16873.3,16887.9,0
2021-12-21T13:15:00+0530,16887.85,16890.3,16864.85,16890.05,0
2021-12-21T13:20:00+0530,16889.25,16902.05,16889.05,16897.7,0
2021-12-21T13:25:00+0530,16895.7,16896.05,16879.1,16890.1,0
2021-12-21T13:30:00+0530,16889.3,16898.1,16873.35,16897.55,0
2021-12-21T13:35:00+0530,16897.4,16897.4,16877.75,16882.05,0
2021-12-21T13:40:00+0530,16882.15,16883.35,16863.95,16871.5,0
2021-12-21T13:45:00+0530,16872.1,16881.75,16861.8,16879.7,0
2021-12-21T13:50:00+0530,16879.95,16882.0,16873.85,16879.5,0
2021-12-21T13:55:00+0530,16879.25,16879.4,16856.6,16856.85,0
2021-12-21T14:00:00+0530,16856.9,16856.9,16815.05,16815.85,0
2021-12-21T14:05:00+0530,16816.1,16820.9,16786.4,16790.7,0
2021-12-21T14:10:00+0530,16790.6,16816.7,16788.5,16792.35,0
2021-12-21T14:15:00+0530,16792.95,16792.95,16761.6,16765.85,0
2021-12-21T14:20:00+0530,16764.55,16768.45,16741.35,16741.35,0
2021-12-21T14:25:00+0530,16740.25,16761.6,16733.15,16750.4,0
2021-12-21T14:30:00+0530,16749.5,16755.7,16694.15,16695.55,0
2021-12-21T14:35:00+0530,16697.5,16718.1,16688.65,16705.1,0
2021-12-21T14:40:00+0530,16705.85,16753.5,16702.35,16750.2,0
2021-12-21T14:45:00+0530,16749.5,16780.0,16744.65,16773.4,0
2021-12-21T14:50:00+0530,16773.45,16803.85,16773.45,16799.2,0
2021-12-21T14:55:00+0530,16800.15,16800.6,16770.6,16788.45,0
2021-12-21T15:00:00+0530,16788.55,16793.55,16742.4,16755.35,0
2021-12-21T15:05:00+0530,16755.5,16781.3,16751.0,16771.15,0
2021-12-21T15:10:00+0530,16772.15,16783.55,16770.35,16775.95,0
2021-12-21T15:15:00+0530,16776.6,16782.7,16771.8,16773.35,0
2021-12-21T15:20:00+0530,16773.55,16778.85,16767.25,16777.2,0
2021-12-21T15:25:00+0530,16777.3,16788.85,16772.25,16786.9,0
2021-12-22T09:15:00+0530,16865.55,16903.45,16857.15,16896.55,0
2021-12-22T09:20:00+0530,16899.25,16909.85,16840.35,16858.55,0
2021-12-22T09:25:00+0530,16859.55,16897.1,16858.4,16872.1,0
2021-12-22T09:30:00+0530,16873.25,16885.95,16859.1,16879.9,0
2021-12-22T09:35:00+0530,16877.9,16892.9,16877.15,16888.3,0
2021-12-22T09:40:00+0530,16888.4,16900.3,16882.75,16891.1,0
2021-12-22T09:45:00+0530,16890.35,16898.7,16884.45,16898.7,0
2021-12-22T09:50:00+0530,16899.3,16909.45,16899.3,16902.0,0
2021-12-22T09:55:00+0530,16903.05,16920.2,16895.0,16899.5,0
2021-12-22T10:00:00+0530,16898.8,16912.55,16889.8,16893.4,0
2021-12-22T10:05:00+0530,16894.2,16894.95,16865.55,16868.0,0
2021-12-22T10:10:00+0530,16867.75,16885.65,16867.65,16884.0,0
2021-12-22T10:15:00+0530,16884.15,16885.7,16860.25,16868.9,0
2021-12-22T10:20:00+0530,16868.95,16871.95,16832.25,16833.1,0
2021-12-22T10:25:00+0530,16834.15,16844.15,16824.6,16824.6,0
2021-12-22T10:30:00+0530,16825.0,16850.0,16822.4,16848.05,0
2021-12-22T10:35:00+0530,16848.7,16857.8,16819.7,16822.9,0
2021-12-22T10:40:00+0530,16823.55,16843.25,16821.05,16839.6,0
2021-12-22T10:45:00+0530,16840.2,16845.1,16828.0,16829.9,0
2021-12-22T10:50:00+0530,16829.45,16864.3,16829.45,16863.05,0
2021-12-22T10:55:00+0530,16864.05,16867.45,16855.85,16866.85,0
2021-12-22T11:00:00+0530,16867.3,16877.55,16866.85,16870.35,0
2021-12-22T11:05:00+0530,16870.2,16879.75,16869.6,16876.9,0
2021-12-22T11:10:00+0530,16875.75,16885.4,16867.1,16868.15,0
2021-12-22T11:15:00+0530,16868.25,16873.85,16859.6,16872.05,0
2021-12-22T11:20:00+0530,16872.55,16880.6,16868.2,16868.2,0
2021-12-22T11:25:00+0530,16868.3,16875.75,16867.75,16869.1,0
2021-12-22T11:30:00+0530,16868.55,16870.95,16860.65,16867.55,0
2021-12-22T11:35:00+0530,16868.0,16878.85,16867.95,16877.7,0
2021-12-22T11:40:00+0530,16878.25,16884.75,16868.2,16873.55,0
2021-12-22T11:45:00+0530,16873.6,16880.5,16868.3,16880.4,0
2021-12-22T11:50:00+0530,16880.75,16885.7,16875.3,16876.8,0
2021-12-22T11:55:00+0530,16876.7,16884.9,16872.75,16884.6,0
2021-12-22T12:00:00+0530,16884.3,16904.3,16884.3,16900.25,0
2021-12-22T12:05:00+0530,16900.05,16902.7,16895.25,16897.05,0
2021-12-22T12:10:00+0530,16896.15,16899.9,16876.45,16878.6,0
2021-12-22T12:15:00+0530,16878.15,16886.15,16869.7,16882.55,0
2021-12-22T12:20:00+0530,16883.2,16889.35,16881.45,16885.25,0
2021-12-22T12:25:00+0530,16885.75,16886.35,16874.9,16879.8,0
2021-12-22T12:30:00+0530,16880.15,16884.6,16876.2,16883.35,0
2021-12-22T12:35:00+0530,16882.9,16891.85,16882.25,16889.85,0
2021-12-22T12:40:00+0530,16889.2,16897.8,16884.2,16897.8,0
2021-12-22T12:45:00+0530,16897.65,16906.05,16892.5,16895.45,0
2021-12-22T12:50:00+0530,16895.1,16898.7,16889.6,16893.0,0
2021-12-22T12:55:00+0530,16891.9,16902.05,16889.5,16899.25,0
2021-12-22T13:00:00+0530,16899.15,16905.65,16893.7,16905.4,0
2021-12-22T13:05:00+0530,16905.55,16917.35,16902.75,16914.2,0
2021-12-22T13:10:00+0530,16913.3,16913.5,16874.2,16874.2,0
2021-12-22T13:15:00+0530,16875.05,16888.2,16859.15,16885.2,0
2021-12-22T13:20:00+0530,16885.55,16901.95,16884.95,16901.85,0
2021-12-22T13:25:00+0530,16901.9,16902.35,16890.85,16891.4,0
2021-12-22T13:30:00+0530,16891.15,16899.65,16886.9,16895.75,0
2021-12-22T13:35:00+0530,16895.6,16899.7,16879.65,16886.8,0
2021-12-22T13:40:00+0530,16886.3,16898.75,16874.75,16895.4,0
2021-12-22T13:45:00+0530,16895.0,16895.8,16882.1,16883.25,0
2021-12-22T13:50:00+0530,16883.45,16889.9,16875.9,16878.05,0
2021-12-22T13:55:00+0530,16877.45,16883.1,16874.65,16877.8,0
2021-12-22T14:00:00+0530,16877.6,16879.0,16855.8,16868.8,0
2021-12-22T14:05:00+0530,16869.05,16869.5,16850.6,16857.05,0
2021-12-22T14:10:00+0530,16857.55,16878.4,16857.55,16877.3,0
2021-12-22T14:15:00+0530,16877.5,16896.0,16869.35,16892.7,0
2021-12-22T14:20:00+0530,16892.0,16898.15,16883.3,16892.95,0
2021-12-22T14:25:00+0530,16892.55,16901.95,16885.65,16901.95,0
2021-12-22T14:30:00+0530,16901.75,16907.55,16889.75,16890.1,0
2021-12-22T14:35:00+0530,16889.55,16896.5,16882.85,16886.15,0
2021-12-22T14:40:00+0530,16885.7,16901.4,16885.5,16900.15,0
2021-12-22T14:45:00+0530,16901.2,16916.65,16901.2,16916.2,0
2021-12-22T14:50:00+0530,16916.1,16920.25,16908.55,16918.2,0
2021-12-22T14:55:00+0530,16916.95,16940.55,16916.95,16937.4,0
2021-12-22T15:00:00+0530,16938.75,16961.7,16938.75,16957.9,0
2021-12-22T15:05:00+0530,16957.85,16959.85,16946.85,16953.1,0
2021-12-22T15:10:00+0530,16951.8,16955.45,16943.75,16946.75,0
2021-12-22T15:15:00+0530,16947.65,16963.65,16946.2,16960.7,0
2021-12-22T15:20:00+0530,16960.9,16967.4,16956.8,16966.65,0
2021-12-22T15:25:00+0530,16966.9,16970.6,16961.95,16968.1,0
2021-12-23T09:15:00+0530,17066.8,17066.8,17033.0,17037.5,0
2021-12-23T09:20:00+0530,17036.95,17050.45,17032.25,17046.75,0
2021-12-23T09:25:00+0530,17045.95,17059.65,17042.7,17054.25,0
2021-12-23T09:30:00+0530,17053.75,17075.85,17053.75,17057.6,0
2021-12-23T09:35:00+0530,17057.95,17068.9,17052.0,17068.6,0
2021-12-23T09:40:00+0530,17068.7,17095.7,17065.8,17090.6,0
2021-12-23T09:45:00+0530,17091.5,17098.55,17080.25,17097.95,0
2021-12-23T09:50:00+0530,17098.4,17107.25,17094.45,17105.35,0
2021-12-23T09:55:00+0530,17104.8,17107.4,17080.95,17082.45,0
2021-12-23T10:00:00+0530,17083.3,17091.5,17076.5,17087.3,0
2021-12-23T10:05:00+0530,17087.85,17088.05,17068.7,17074.7,0
2021-12-23T10:10:00+0530,17074.35,17082.0,17055.95,17057.75,0
2021-12-23T10:15:00+0530,17057.65,17057.65,17042.15,17054.9,0
2021-12-23T10:20:00+0530,17055.0,17056.0,17034.75,17041.45,0
2021-12-23T10:25:00+0530,17040.2,17050.55,17032.8,17048.15,0
2021-12-23T10:30:00+0530,17047.9,17058.95,17038.8,17049.75,0
2021-12-23T10:35:00+0530,17049.25,17065.5,17048.65,17064.0,0
2021-12-23T10:40:00+0530,17064.2,17064.2,17051.1,17051.5,0
2021-12-23T10:45:00+0530,17051.65,17053.95,17042.75,17046.35,0
2021-12-23T10:50:00+0530,17045.45,17061.65,17044.8,17061.65,0
2021-12-23T10:55:00+0530,17061.6,17066.0,17055.75,17055.9,0
2021-12-23T11:00:00+0530,17055.8,17061.65,17053.25,17054.75,0
2021-12-23T11:05:00+0530,17054.25,17060.7,17052.6,17056.8,0
2021-12-23T11:10:00+0530,17056.35,17056.85,17039.55,17041.15,0
2021-12-23T11:15:00+0530,17040.85,17041.1,17016.4,17026.35,0
2021-12-23T11:20:00+0530,17026.4,17034.4,17026.4,17027.4,0
2021-12-23T11:25:00+0530,17027.7,17039.75,17027.25,17031.95,0
2021-12-23T11:30:00+0530,17031.85,17034.55,17026.0,17031.85,0
2021-12-23T11:35:00+0530,17031.3,17048.95,17030.75,17033.45,0
2021-12-23T11:40:00+0530,17033.4,17042.65,17031.25,17042.65,0
2021-12-23T11:45:00+0530,17042.4,17050.9,17042.4,17046.3,0
2021-12-23T11:50:00+0530,17046.05,17057.1,17045.95,17057.0,0
2021-12-23T11:55:00+0530,17057.05,17061.9,17053.1,17059.6,0
2021-12-23T12:00:00+0530,17058.95,17073.8,17058.95,17070.85,0
2021-12-23T12:05:00+0530,17070.9,17072.4,17065.0,17069.7,0
2021-12-23T12:10:00+0530,17068.9,17076.05,17065.75,17070.1,0
2021-12-23T12:15:00+0530,17070.05,17080.25,17068.7,17079.45,0
2021-12-23T12:20:00+0530,17079.55,17085.15,17072.75,17084.1,0
2021-12-23T12:25:00+0530,17084.1,17088.6,17080.7,17085.55,0
2021-12-23T12:30:00+0530,17084.8,17091.95,17081.15,17088.55,0
2021-12-23T12:35:00+0530,17088.3,17089.2,17073.85,17084.4,0
2021-12-23T12:40:00+0530,17084.75,17090.4,17082.4,17088.75,0
2021-12-23T12:45:00+0530,17088.55,17090.35,17083.3,17085.7,0
2021-12-23T12:50:00+0530,17086.25,17087.1,17075.7,17086.0,0
2021-12-23T12:55:00+0530,17085.9,17087.5,17080.95,17080.95,0
2021-12-23T13:00:00+0530,17081.4,17089.45,17078.6,17087.9,0
2021-12-23T13:05:00+0530,17088.4,17088.55,17081.4,17083.9,0
2021-12-23T13:10:00+0530,17083.15,17084.85,17074.3,17084.85,0
2021-12-23T13:15:00+0530,17084.85,17107.25,17084.85,17104.5,0
2021-12-23T13:20:00+0530,17103.8,17114.7,17102.55,17112.95,0
2021-12-23T13:25:00+0530,17113.15,17117.95,17103.05,17103.55,0
2021-12-23T13:30:00+0530,17103.0,17105.85,17093.75,17098.2,0
2021-12-23T13:35:00+0530,17097.95,17101.0,17082.2,17085.4,0
2021-12-23T13:40:00+0530,17085.75,17086.8,17062.25,17067.95,0
2021-12-23T13:45:00+0530,17067.6,17079.1,17057.4,17057.4,0
2021-12-23T13:50:00+0530,17057.7,17067.75,17050.8,17061.95,0
2021-12-23T13:55:00+0530,17062.2,17075.95,17062.1,17068.9,0
2021-12-23T14:00:00+0530,17069.4,17076.5,17066.2,17066.2,0
2021-12-23T14:05:00+0530,17066.05,17066.1,17046.65,17052.7,0
2021-12-23T14:10:00+0530,17052.45,17056.5,17046.5,17049.9,0
2021-12-23T14:15:00+0530,17049.75,17051.95,17041.85,17046.2,0
2021-12-23T14:20:00+0530,17045.15,17073.9,17043.1,17067.45,0
2021-12-23T14:25:00+0530,17066.9,17071.05,17063.5,17070.55,0
2021-12-23T14:30:00+0530,17070.4,17078.15,17064.95,17069.8,0
2021-12-23T14:35:00+0530,17070.65,17074.95,17059.45,17060.25,0
2021-12-23T14:40:00+0530,17060.2,17062.0,17048.15,17060.8,0
2021-12-23T14:45:00+0530,17061.8,17063.4,17057.0,17060.35,0
2021-12-23T14:50:00+0530,17060.5,17062.2,17049.05,17052.0,0
2021-12-23T14:55:00+0530,17052.65,17067.9,17050.95,17060.85,0
2021-12-23T15:00:00+0530,17060.75,17085.6,17059.5,17083.9,0
2021-12-23T15:05:00+0530,17083.6,17094.25,17077.6,17094.25,0
2021-12-23T15:10:00+0530,17094.75,17095.25,17084.4,17087.4,0
2021-12-23T15:15:00+0530,17087.5,17089.35,17060.25,17060.65,0
2021-12-23T15:20:00+0530,17060.45,17061.7,17043.35,17046.95,0
2021-12-23T15:25:00+0530,17047.55,17057.9,17044.7,17051.05,0
2021-12-24T09:15:00+0530,17149.5,17151.45,17052.3,17054.65,0
2021-12-24T09:20:00+0530,17054.8,17107.35,17054.8,17102.7,0
2021-12-24T09:25:00+0530,17103.25,17111.6,17071.45,17089.85,0
2021-12-24T09:30:00+0530,17089.75,17094.05,17044.7,17044.7,0
2021-12-24T09:35:00+0530,17042.7,17045.6,17005.1,17006.6,0
2021-12-24T09:40:00+0530,17006.35,17018.6,16977.6,16984.15,0
2021-12-24T09:45:00+0530,16984.65,17021.35,16967.65,17013.75,0
2021-12-24T09:50:00+0530,17014.7,17014.7,16984.55,16989.1,0
2021-12-24T09:55:00+0530,16988.95,17005.7,16978.75,17003.45,0
2021-12-24T10:00:00+0530,16999.4,17007.2,16943.15,16947.3,0
2021-12-24T10:05:00+0530,16947.35,16953.45,16928.75,16929.2,0
2021-12-24T10:10:00+0530,16929.5,16950.05,16925.4,16945.9,0
2021-12-24T10:15:00+0530,16944.7,16963.15,16938.1,16953.2,0
2021-12-24T10:20:00+0530,16953.25,16953.25,16940.55,16950.3,0
2021-12-24T10:25:00+0530,16950.15,16950.15,16938.45,16944.7,0
2021-12-24T10:30:00+0530,16943.45,16955.4,16941.5,16942.25,0
2021-12-24T10:35:00+0530,16942.2,16942.2,16910.2,16922.2,0
2021-12-24T10:40:00+0530,16921.95,16933.85,16919.4,16932.75,0
2021-12-24T10:45:00+0530,16932.6,16935.35,16923.55,16928.1,0
2021-12-24T10:50:00+0530,16928.05,16942.35,16924.85,16940.25,0
2021-12-24T10:55:00+0530,16941.15,16948.15,16927.7,16927.7,0
2021-12-24T11:00:00+0530,16927.7,16945.45,16927.5,16945.0,0
2021-12-24T11:05:00+0530,16945.4,16963.65,16943.5,16963.05,0
2021-12-24T11:10:00+0530,16962.6,16977.55,16960.05,16967.55,0
2021-12-24T11:15:00+0530,16968.1,16974.9,16949.6,16950.6,0
2021-12-24T11:20:00+0530,16948.95,16952.35,16936.05,16940.75,0
2021-12-24T11:25:00+0530,16940.6,16950.25,16929.2,16949.5,0
2021-12-24T11:30:00+0530,16948.8,16948.8,16925.35,16931.65,0
2021-12-24T11:35:00+0530,16931.85,16948.75,16929.6,16946.4,0
2021-12-24T11:40:00+0530,16946.05,16950.55,16942.7,16948.65,0
2021-12-24T11:45:00+0530,16948.85,16954.85,16938.75,16953.65,0
2021-12-24T11:50:00+0530,16953.3,16966.9,16951.55,16964.9,0
2021-12-24T11:55:00+0530,16964.95,16970.75,16958.35,16969.9,0
2021-12-24T12:00:00+0530,16969.4,16973.95,16963.8,16966.05,0
2021-12-24T12:05:00+0530,16965.0,16984.8,16965.0,16978.0,0
2021-12-24T12:10:00+0530,16976.55,16990.4,16976.55,16988.65,0
2021-12-24T12:15:00+0530,16988.2,16989.45,16978.45,16985.55,0
2021-12-24T12:20:00+0530,16985.9,16987.5,16969.8,16973.2,0
2021-12-24T12:25:00+0530,16972.9,16978.85,16966.8,16977.9,0
2021-12-24T12:30:00+0530,16977.5,16977.7,16950.25,16951.75,0
2021-12-24T12:35:00+0530,16952.1,16954.25,16939.5,16951.75,0
2021-12-24T12:40:00+0530,16951.6,16961.45,16949.5,16951.65,0
2021-12-24T12:45:00+0530,16951.2,16954.1,16943.35,16949.55,0
2021-12-24T12:50:00+0530,16949.65,16957.9,16945.15,16956.55,0
2021-12-24T12:55:00+0530,16956.8,16963.5,16954.5,16959.0,0
2021-12-24T13:00:00+0530,16959.3,16970.2,16957.2,16965.95,0
2021-12-24T13:05:00+0530,16965.85,16969.4,16955.65,16956.5,0
2021-12-24T13:10:00+0530,16955.6,16956.0,16939.15,16943.5,0
2021-12-24T13:15:00+0530,16943.5,16950.65,16941.5,16948.15,0
2021-12-24T13:20:00+0530,16948.4,16970.2,16948.4,16966.45,0
2021-12-24T13:25:00+0530,16966.25,16968.45,16956.05,16966.25,0
2021-12-24T13:30:00+0530,16966.75,16994.45,16966.75,16977.7,0
2021-12-24T13:35:00+0530,16976.55,16985.7,16969.65,16985.5,0
2021-12-24T13:40:00+0530,16985.3,17001.5,16982.45,16996.65,0
2021-12-24T13:45:00+0530,16996.65,17006.3,16988.9,16994.65,0
2021-12-24T13:50:00+0530,16993.25,17001.05,16983.25,16998.25,0
2021-12-24T13:55:00+0530,16999.4,17016.75,16999.4,17010.75,0
2021-12-24T14:00:00+0530,17010.55,17016.45,17002.7,17005.2,0
2021-12-24T14:05:00+0530,17003.95,17034.15,16998.05,17033.75,0
2021-12-24T14:10:00+0530,17033.8,17046.35,17027.3,17041.4,0
2021-12-24T14:15:00+0530,17041.3,17059.25,17040.4,17057.75,0
2021-12-24T14:20:00+0530,17057.05,17061.55,17037.5,17046.9,0
2021-12-24T14:25:00+0530,17046.4,17046.4,17023.05,17036.35,0
2021-12-24T14:30:00+0530,17037.6,17045.3,17023.5,17030.35,0
2021-12-24T14:35:00+0530,17030.6,17043.65,17025.85,17034.55,0
2021-12-24T14:40:00+0530,17034.8,17057.8,17034.25,17057.15,0
2021-12-24T14:45:00+0530,17056.05,17068.15,17048.3,17059.0,0
2021-12-24T14:50:00+0530,17056.65,17056.95,17037.45,17040.45,0
2021-12-24T14:55:00+0530,17039.75,17040.35,17003.25,17007.9,0
2021-12-24T15:00:00+0530,17008.3,17024.55,17002.15,17003.75,0
2021-12-24T15:05:00+0530,17004.8,17006.65,16983.35,16987.55,0
2021-12-24T15:10:00+0530,16988.4,17010.85,16984.15,17001.8,0
2021-12-24T15:15:00+0530,17002.7,17012.05,16996.4,17008.3,0
2021-12-24T15:20:00+0530,17010.0,17016.1,16999.3,17009.55,0
2021-12-24T15:25:00+0530,17009.0,17010.05,16994.0,16999.9,0
2021-12-27T09:15:00+0530,16937.75,16937.75,16855.35,16871.65,0
2021-12-27T09:20:00+0530,16871.7,16872.3,16833.7,16871.45,0
2021-12-27T09:25:00+0530,16870.7,16938.4,16863.9,16936.85,0
2021-12-27T09:30:00+0530,16939.0,16959.45,16898.45,16901.6,0
2021-12-27T09:35:00+0530,16901.15,16901.15,16876.45,16891.8,0
2021-12-27T09:40:00+0530,16889.3,16918.7,16888.7,16912.5,0
2021-12-27T09:45:00+0530,16910.65,16957.1,16901.75,16956.25,0
2021-12-27T09:50:00+0530,16956.65,16964.95,16935.7,16939.75,0
2021-12-27T09:55:00+0530,16938.35,16957.2,16934.55,16956.5,0
2021-12-27T10:00:00+0530,16957.25,16962.3,16941.25,16957.6,0
2021-12-27T10:05:00+0530,16957.55,16986.8,16954.55,16980.65,0
2021-12-27T10:10:00+0530,16981.0,16993.8,16952.05,16963.65,0
2021-12-27T10:15:00+0530,16963.65,16975.95,16953.8,16975.95,0
2021-12-27T10:20:00+0530,16976.25,16987.45,16972.7,16978.8,0
2021-12-27T10:25:00+0530,16978.6,16985.25,16970.3,16983.05,0
2021-12-27T10:30:00+0530,16982.5,17001.3,16982.5,16994.4,0
2021-12-27T10:35:00+0530,16994.8,17007.1,16990.85,17005.35,0
2021-12-27T10:40:00+0530,17005.65,17018.45,17005.65,17015.5,0
2021-12-27T10:45:00+0530,17015.55,17037.3,17015.55,17016.3,0
2021-12-27T10:50:00+0530,17017.05,17017.05,16991.25,17004.95,0
2021-12-27T10:55:00+0530,17004.6,17004.6,16981.35,16982.85,0
2021-12-27T11:00:00+0530,16982.75,16990.4,16973.15,16975.75,0
2021-12-27T11:05:00+0530,16975.5,17007.75,16975.4,16994.15,0
2021-12-27T11:10:00+0530,16994.0,17012.45,16992.75,17011.45,0
2021-12-27T11:15:00+0530,17012.05,17013.4,17003.65,17007.0,0
2021-12-27T11:20:00+0530,17006.5,17009.1,17001.05,17003.2,0
2021-12-27T11:25:00+0530,17003.15,17004.5,16990.6,17002.7,0
2021-12-27T11:30:00+0530,17003.7,17012.45,17001.45,17006.7,0
2021-12-27T11:35:00+0530,17006.5,17012.65,16996.95,16998.2,0
2021-12-27T11:40:00+0530,16998.45,17005.95,16996.6,17003.45,0
2021-12-27T11:45:00+0530,17003.3,17021.6,17003.3,17020.75,0
2021-12-27T11:50:00+0530,17020.9,17025.4,17014.35,17014.35,0
2021-12-27T11:55:00+0530,17015.2,17029.5,17014.15,17021.1,0
2021-12-27T12:00:00+0530,17021.0,17022.75,17009.55,17015.3,0
2021-12-27T12:05:00+0530,17015.45,17020.15,17009.1,17016.05,0
2021-12-27T12:10:00+0530,17016.7,17026.3,17016.7,17020.65,0
2021-12-27T12:15:00+0530,17020.9,17042.35,17020.2,17041.4,0
2021-12-27T12:20:00+0530,17041.6,17048.65,17038.9,17047.2,0
2021-12-27T12:25:00+0530,17046.3,17048.05,17037.9,17045.25,0
2021-12-27T12:30:00+0530,17045.5,17051.15,17041.65,17046.5,0
2021-12-27T12:35:00+0530,17047.0,17049.8,17039.0,17049.8,0
2021-12-27T12:40:00+0530,17050.2,17062.05,17048.15,17061.15,0
2021-12-27T12:45:00+0530,17060.25,17071.3,17052.85,17066.35,0
2021-12-27T12:50:00+0530,17067.2,17068.75,17057.5,17061.35,0
2021-12-27T12:55:00+0530,17062.45,17064.25,17054.15,17060.55,0
2021-12-27T13:00:00+0530,17061.75,17065.1,17042.1,17046.1,0
2021-12-27T13:05:00+0530,17045.75,17052.4,17039.35,17047.2,0
2021-12-27T13:10:00+0530,17045.85,17047.85,17031.4,17040.25,0
2021-12-27T13:15:00+0530,17040.45,17052.15,17034.9,17050.8,0
2021-12-27T13:20:00+0530,17050.3,17063.65,17048.65,17060.85,0
2021-12-27T13:25:00+0530,17060.75,17069.85,17059.35,17066.2,0
2021-12-27T13:30:00+0530,17066.5,17091.55,17059.6,17088.95,0
2021-12-27T13:35:00+0530,17088.35,17094.95,17085.0,17086.6,0
2021-12-27T13:40:00+0530,17086.6,17088.6,17075.35,17082.6,0
2021-12-27T13:45:00+0530,17083.1,17093.9,17083.1,17085.8,0
2021-12-27T13:50:00+0530,17085.3,17086.65,17073.6,17077.05,0
2021-12-27T13:55:00+0530,17077.0,17082.9,17066.15,17070.75,0
2021-12-27T14:00:00+0530,17070.25,17079.1,17059.6,17077.8,0
2021-12-27T14:05:00+0530,17077.0,17085.9,17077.0,17081.6,0
2021-12-27T14:10:00+0530,17081.05,17086.4,17071.75,17080.15,0
2021-12-27T14:15:00+0530,17079.95,17081.4,17046.95,17049.25,0
2021-12-27T14:20:00+0530,17049.7,17066.75,17049.7,17059.45,0
2021-12-27T14:25:00+0530,17059.45,17067.95,17058.55,17062.05,0
2021-12-27T14:30:00+0530,17061.75,17080.75,17060.5,17072.9,0
2021-12-27T14:35:00+0530,17072.6,17090.55,17072.6,17086.25,0
2021-12-27T14:40:00+0530,17087.1,17091.3,17081.95,17085.65,0
2021-12-27T14:45:00+0530,17086.5,17087.85,17080.65,17086.0,0
2021-12-27T14:50:00+0530,17085.3,17108.1,17085.3,17106.05,0
2021-12-27T14:55:00+0530,17107.6,17112.0,17090.55,17092.85,0
2021-12-27T15:00:00+0530,17092.85,17094.05,17069.4,17084.7,0
2021-12-27T15:05:00+0530,17084.75,17094.65,17081.65,17083.6,0
2021-12-27T15:10:00+0530,17083.6,17090.25,17080.1,17087.65,0
2021-12-27T15:15:00+0530,17087.45,17090.7,17081.5,17090.7,0
2021-12-27T15:20:00+0530,17090.2,17092.3,17079.35,17087.95,0
2021-12-27T15:25:00+0530,17088.8,17101.95,17087.6,17101.95,0
2021-12-28T09:15:00+0530,17177.6,17203.2,17167.85,17199.35,0
2021-12-28T09:20:00+0530,17199.1,17203.8,17173.7,17177.3,0
2021-12-28T09:25:00+0530,17176.7,17198.85,17175.5,17176.65,0
2021-12-28T09:30:00+0530,17176.85,17210.3,17165.55,17210.3,0
2021-12-28T09:35:00+0530,17210.35,17219.95,17195.6,17204.25,0
2021-12-28T09:40:00+0530,17204.75,17205.8,17185.15,17189.05,0
2021-12-28T09:45:00+0530,17190.45,17193.05,17175.1,17180.45,0
2021-12-28T09:50:00+0530,17181.1,17194.5,17180.0,17184.1,0
2021-12-28T09:55:00+0530,17183.2,17197.25,17179.7,17194.65,0
2021-12-28T10:00:00+0530,17194.75,17195.85,17182.3,17185.5,0
2021-12-28T10:05:00+0530,17185.6,17201.2,17183.25,17196.55,0
2021-12-28T10:10:00+0530,17195.5,17210.3,17195.2,17208.15,0
2021-12-28T10:15:00+0530,17208.0,17211.15,17193.8,17198.75,0
2021-12-28T10:20:00+0530,17199.85,17205.25,17197.85,17201.4,0
2021-12-28T10:25:00+0530,17200.3,17203.05,17175.8,17184.25,0
2021-12-28T10:30:00+0530,17183.55,17188.25,17169.1,17185.4,0
2021-12-28T10:35:00+0530,17185.9,17192.4,17182.35,17187.9,0
2021-12-28T10:40:00+0530,17187.9,17193.75,17183.4,17190.45,0
2021-12-28T10:45:00+0530,17191.05,17196.25,17187.4,17188.85,0
2021-12-28T10:50:00+0530,17189.15,17203.2,17188.7,17196.45,0
2021-12-28T10:55:00+0530,17195.65,17198.3,17190.2,17190.95,0
2021-12-28T11:00:00+0530,17191.6,17198.05,17191.6,17193.55,0
2021-12-28T11:05:00+0530,17194.25,17204.55,17189.3,17203.7,0
2021-12-28T11:10:00+0530,17202.5,17209.75,17200.7,17206.55,0
2021-12-28T11:15:00+0530,17207.15,17217.1,17206.75,17208.05,0
2021-12-28T11:20:00+0530,17207.35,17221.65,17207.35,17221.6,0
2021-12-28T11:25:00+0530,17221.45,17223.8,17214.6,17222.45,0
2021-12-28T11:30:00+0530,17223.75,17229.8,17221.1,17224.9,0
2021-12-28T11:35:00+0530,17224.0,17227.2,17219.5,17225.7,0
2021-12-28T11:40:00+0530,17225.95,17227.3,17214.55,17215.25,0
2021-12-28T11:45:00+0530,17214.9,17221.05,17214.6,17218.0,0
2021-12-28T11:50:00+0530,17218.95,17220.15,17212.8,17213.5,0
2021-12-28T11:55:00+0530,17213.9,17230.05,17211.05,17228.95,0
2021-12-28T12:00:00+0530,17228.9,17232.55,17224.9,17227.35,0
2021-12-28T12:05:00+0530,17227.55,17232.6,17224.0,17229.0,0
2021-12-28T12:10:00+0530,17228.6,17238.35,17228.45,17237.75,0
2021-12-28T12:15:00+0530,17238.5,17240.25,17230.8,17230.8,0
2021-12-28T12:20:00+0530,17230.5,17240.15,17229.0,17233.75,0
2021-12-28T12:25:00+0530,17233.85,17240.65,17232.1,17237.15,0
2021-12-28T12:30:00+0530,17237.9,17238.6,17232.6,17233.9,0
2021-12-28T12:35:00+0530,17233.45,17244.1,17233.45,17241.45,0
2021-12-28T12:40:00+0530,17241.55,17246.1,17239.8,17241.7,0
2021-12-28T12:45:00+0530,17241.85,17243.3,17236.6,17239.05,0
2021-12-28T12:50:00+0530,17238.65,17239.95,17223.6,17229.7,0
2021-12-28T12:55:00+0530,17228.85,17234.3,17227.25,17234.3,0
2021-12-28T13:00:00+0530,17233.25,17239.6,17216.85,17218.85,0
2021-12-28T13:05:00+0530,17217.95,17224.6,17214.2,17215.35,0
2021-12-28T13:10:00+0530,17214.55,17217.15,17205.35,17212.0,0
2021-12-28T13:15:00+0530,17212.3,17214.3,17200.7,17205.05,0
2021-12-28T13:20:00+0530,17205.5,17218.4,17204.5,17214.95,0
2021-12-28T13:25:00+0530,17214.35,17222.05,17211.85,17219.7,0
2021-12-28T13:30:00+0530,17220.25,17222.95,17215.35,17216.1,0
2021-12-28T13:35:00+0530,17216.2,17218.3,17212.35,17215.6,0
2021-12-28T13:40:00+0530,17214.55,17219.2,17212.8,17215.5,0
2021-12-28T13:45:00+0530,17214.75,17229.9,17214.45,17226.6,0
2021-12-28T13:50:00+0530,17225.75,17233.65,17225.3,17231.4,0
2021-12-28T13:55:00+0530,17230.55,17236.7,17228.75,17234.1,0
2021-12-28T14:00:00+0530,17233.55,17239.45,17228.3,17230.6,0
2021-12-28T14:05:00+0530,17230.2,17237.1,17227.1,17236.85,0
2021-12-28T14:10:00+0530,17236.3,17242.75,17234.6,17235.1,0
2021-12-28T14:15:00+0530,17234.45,17245.25,17234.45,17244.5,0
2021-12-28T14:20:00+0530,17243.85,17249.5,17226.35,17231.95,0
2021-12-28T14:25:00+0530,17231.5,17238.45,17231.35,17233.95,0
2021-12-28T14:30:00+0530,17233.85,17242.8,17232.3,17233.75,0
2021-12-28T14:35:00+0530,17233.45,17233.5,17210.0,17210.9,0
2021-12-28T14:40:00+0530,17210.4,17210.4,17183.3,17192.25,0
2021-12-28T14:45:00+0530,17191.6,17192.5,17161.2,17178.85,0
2021-12-28T14:50:00+0530,17178.65,17202.5,17178.4,17202.05,0
2021-12-28T14:55:00+0530,17202.15,17207.0,17196.4,17199.95,0
2021-12-28T15:00:00+0530,17199.8,17234.05,17199.8,17233.7,0
2021-12-28T15:05:00+0530,17234.0,17238.35,17225.35,17236.2,0
2021-12-28T15:10:00+0530,17235.75,17239.65,17228.6,17238.5,0
2021-12-28T15:15:00+0530,17239.1,17239.25,17231.25,17238.4,0
2021-12-28T15:20:00+0530,17238.65,17242.65,17232.25,17238.85,0
2021-12-28T15:25:00+0530,17239.35,17239.35,17232.2,17233.35,0
2021-12-29T09:15:00+0530,17220.1,17251.55,17181.7,17250.6,0
2021-12-29T09:20:00+0530,17250.4,17254.95,17236.65,17246.5,0
2021-12-29T09:25:00+0530,17244.6,17244.6,17214.9,17237.85,0
2021-12-29T09:30:00+0530,17237.85,17265.95,17237.85,17261.55,0
2021-12-29T09:35:00+0530,17260.55,17262.55,17246.35,17246.35,0
2021-12-29T09:40:00+0530,17246.85,17267.1,17245.4,17263.5,0
2021-12-29T09:45:00+0530,17263.5,17284.45,17262.75,17282.85,0
2021-12-29T09:50:00+0530,17283.45,17285.75,17274.2,17277.35,0
2021-12-29T09:55:00+0530,17277.3,17277.85,17265.2,17271.75,0
2021-12-29T10:00:00+0530,17271.25,17273.7,17267.2,17267.95,0
2021-12-29T10:05:00+0530,17267.45,17274.15,17267.45,17269.55,0
2021-12-29T10:10:00+0530,17269.0,17271.85,17251.95,17253.05,0
2021-12-29T10:15:00+0530,17252.65,17252.65,17210.5,17213.1,0
2021-12-29T10:20:00+0530,17213.6,17249.5,17213.6,17245.95,0
2021-12-29T10:25:00+0530,17245.25,17251.95,17242.8,17251.45,0
2021-12-29T10:30:00+0530,17253.75,17260.95,17248.15,17249.0,0
2021-12-29T10:35:00+0530,17248.35,17255.25,17238.85,17250.1,0
2021-12-29T10:40:00+0530,17250.05,17251.5,17243.5,17250.8,0
2021-12-29T10:45:00+0530,17250.8,17251.05,17236.8,17239.75,0
2021-12-29T10:50:00+0530,17240.1,17243.35,17235.8,17238.7,0
2021-12-29T10:55:00+0530,17239.4,17239.4,17221.1,17223.0,0
2021-12-29T11:00:00+0530,17222.75,17227.15,17217.45,17219.35,0
2021-12-29T11:05:00+0530,17219.4,17219.65,17207.15,17207.75,0
2021-12-29T11:10:00+0530,17207.15,17222.65,17201.3,17221.35,0
2021-12-29T11:15:00+0530,17221.7,17232.1,17218.55,17231.35,0
2021-12-29T11:20:00+0530,17231.45,17234.65,17227.5,17231.95,0
2021-12-29T11:25:00+0530,17231.9,17237.15,17230.45,17230.45,0
2021-12-29T11:30:00+0530,17230.8,17232.35,17218.7,17223.1,0
2021-12-29T11:35:00+0530,17223.7,17224.2,17214.0,17219.95,0
2021-12-29T11:40:00+0530,17220.3,17226.75,17214.95,17216.25,0
2021-12-29T11:45:00+0530,17216.65,17227.1,17215.1,17220.55,0
2021-12-29T11:50:00+0530,17221.4,17225.45,17215.75,17222.45,0
2021-12-29T11:55:00+0530,17222.1,17227.65,17218.65,17222.15,0
2021-12-29T12:00:00+0530,17222.35,17226.0,17219.0,17219.2,0
2021-12-29T12:05:00+0530,17218.6,17223.5,17210.25,17217.3,0
2021-12-29T12:10:00+0530,17217.95,17219.9,17209.25,17209.95,0
2021-12-29T12:15:00+0530,17210.25,17210.8,17205.15,17205.15,0
2021-12-29T12:20:00+0530,17202.25,17207.55,17197.4,17205.8,0
2021-12-29T12:25:00+0530,17206.6,17208.75,17201.3,17205.45,0
2021-12-29T12:30:00+0530,17205.0,17213.15,17201.4,17213.0,0
2021-12-29T12:35:00+0530,17212.95,17218.05,17209.2,17210.75,0
2021-12-29T12:40:00+0530,17211.0,17216.15,17208.65,17215.9,0
2021-12-29T12:45:00+0530,17216.45,17223.25,17214.6,17220.75,0
2021-12-29T12:50:00+0530,17221.15,17229.85,17219.8,17228.6,0
2021-12-29T12:55:00+0530,17229.05,17237.65,17224.55,17236.05,0
2021-12-29T13:00:00+0530,17236.3,17237.2,17220.85,17224.15,0
2021-12-29T13:05:00+0530,17224.55,17225.85,17215.1,17219.95,0
2021-12-29T13:10:00+0530,17220.75,17230.65,17220.2,17229.7,0
2021-12-29T13:15:00+0530,17230.1,17236.0,17229.5,17235.1,0
2021-12-29T13:20:00+0530,17235.45,17242.95,17225.65,17238.35,0
2021-12-29T13:25:00+0530,17239.0,17240.9,17229.1,17233.65,0
2021-12-29T13:30:00+0530,17233.0,17238.2,17232.85,17237.25,0
2021-12-29T13:35:00+0530,17237.45,17239.9,17230.05,17238.75,0
2021-12-29T13:40:00+0530,17238.95,17244.95,17235.75,17235.75,0
2021-12-29T13:45:00+0530,17235.4,17243.3,17232.55,17240.25,0
2021-12-29T13:50:00+0530,17240.5,17242.6,17236.9,17237.3,0
2021-12-29T13:55:00+0530,17237.2,17240.85,17236.3,17240.0,0
2021-12-29T14:00:00+0530,17240.3,17241.3,17220.3,17220.65,0
2021-12-29T14:05:00+0530,17220.9,17238.6,17220.3,17237.85,0
2021-12-29T14:10:00+0530,17239.0,17244.9,17236.75,17243.8,0
2021-12-29T14:15:00+0530,17244.85,17251.7,17244.4,17245.25,0
2021-12-29T14:20:00+0530,17246.1,17251.85,17241.6,17251.7,0
2021-12-29T14:25:00+0530,17251.35,17253.3,17238.7,17239.95,0
2021-12-29T14:30:00+0530,17239.55,17241.65,17226.8,17236.7,0
2021-12-29T14:35:00+0530,17236.5,17242.85,17236.15,17238.15,0
2021-12-29T14:40:00+0530,17238.3,17248.75,17236.65,17246.4,0
2021-12-29T14:45:00+0530,17246.5,17250.9,17245.2,17248.55,0
2021-12-29T14:50:00+0530,17248.45,17252.25,17245.4,17251.05,0
2021-12-29T14:55:00+0530,17250.9,17251.2,17244.85,17246.25,0
2021-12-29T15:00:00+0530,17246.0,17255.8,17228.15,17243.45,0
2021-12-29T15:05:00+0530,17242.65,17242.65,17222.9,17230.1,0
2021-12-29T15:10:00+0530,17230.95,17232.6,17218.6,17218.6,0
2021-12-29T15:15:00+0530,17217.9,17221.9,17205.35,17207.0,0
2021-12-29T15:20:00+0530,17206.8,17207.2,17183.15,17184.85,0
2021-12-29T15:25:00+0530,17186.3,17190.3,17176.95,17189.55,0
2021-12-30T09:15:00+0530,17201.45,17206.45,17148.8,17203.55,0
2021-12-30T09:20:00+0530,17205.0,17216.3,17191.35,17192.35,0
2021-12-30T09:25:00+0530,17192.85,17210.15,17186.2,17208.75,0
2021-12-30T09:30:00+0530,17208.7,17222.5,17208.7,17209.5,0
2021-12-30T09:35:00+0530,17209.65,17217.05,17201.0,17210.15,0
2021-12-30T09:40:00+0530,17209.5,17220.65,17209.05,17218.25,0
2021-12-30T09:45:00+0530,17220.3,17234.5,17213.65,17234.5,0
2021-12-30T09:50:00+0530,17233.6,17237.35,17224.6,17229.15,0
2021-12-30T09:55:00+0530,17229.35,17232.35,17225.65,17230.3,0
2021-12-30T10:00:00+0530,17230.9,17240.9,17225.95,17238.25,0
2021-12-30T10:05:00+0530,17238.35,17247.4,17237.05,17240.7,0
2021-12-30T10:10:00+0530,17240.7,17248.25,17237.95,17247.9,0
2021-12-30T10:15:00+0530,17247.6,17257.0,17247.6,17249.15,0
2021-12-30T10:20:00+0530,17248.85,17262.5,17243.2,17260.95,0
2021-12-30T10:25:00+0530,17260.85,17264.0,17257.15,17257.7,0
2021-12-30T10:30:00+0530,17257.8,17261.4,17252.0,17253.5,0
2021-12-30T10:35:00+0530,17253.15,17255.05,17244.25,17249.55,0
2021-12-30T10:40:00+0530,17251.5,17251.5,17240.5,17240.75,0
2021-12-30T10:45:00+0530,17240.45,17248.0,17235.15,17243.45,0
2021-12-30T10:50:00+0530,17243.4,17245.5,17237.1,17237.5,0
2021-12-30T10:55:00+0530,17237.9,17241.0,17235.65,17237.2,0
2021-12-30T11:00:00+0530,17236.8,17247.8,17236.7,17238.8,0
2021-12-30T11:05:00+0530,17238.55,17242.65,17231.85,17240.75,0
2021-12-30T11:10:00+0530,17241.45,17241.45,17230.3,17231.1,0
2021-12-30T11:15:00+0530,17230.65,17230.65,17223.8,17227.55,0
2021-12-30T11:20:00+0530,17227.8,17236.4,17224.4,17233.3,0
2021-12-30T11:25:00+0530,17233.0,17235.55,17228.8,17229.35,0
2021-12-30T11:30:00+0530,17229.8,17230.3,17224.9,17224.9,0
2021-12-30T11:35:00+0530,17224.7,17225.2,17211.2,17211.55,0
2021-12-30T11:40:00+0530,17211.95,17211.95,17206.0,17206.9,0
2021-12-30T11:45:00+0530,17207.15,17219.85,17207.15,17216.3,0
2021-12-30T11:50:00+0530,17216.85,17232.35,17216.7,17228.65,0
2021-12-30T11:55:00+0530,17228.25,17234.1,17226.5,17227.5,0
2021-12-30T12:00:00+0530,17227.25,17238.75,17224.65,17237.7,0
2021-12-30T12:05:00+0530,17237.7,17240.15,17233.3,17234.55,0
2021-12-30T12:10:00+0530,17234.25,17238.3,17230.75,17232.5,0
2021-12-30T12:15:00+0530,17232.55,17234.45,17228.25,17234.35,0
2021-12-30T12:20:00+0530,17235.0,17241.5,17233.3,17241.0,0
2021-12-30T12:25:00+0530,17239.85,17249.4,17237.9,17248.2,0
2021-12-30T12:30:00+0530,17246.95,17248.8,17241.45,17242.3,0
2021-12-30T12:35:00+0530,17242.1,17244.3,17237.15,17241.15,0
2021-12-30T12:40:00+0530,17241.3,17245.3,17239.4,17242.75,0
2021-12-30T12:45:00+0530,17242.95,17247.1,17228.5,17236.75,0
2021-12-30T12:50:00+0530,17237.3,17248.0,17236.95,17246.5,0
2021-12-30T12:55:00+0530,17246.0,17253.95,17242.65,17244.5,0
2021-12-30T13:00:00+0530,17244.05,17252.2,17241.45,17251.55,0
2021-12-30T13:05:00+0530,17251.85,17256.85,17245.85,17251.2,0
2021-12-30T13:10:00+0530,17251.55,17258.55,17247.3,17251.75,0
2021-12-30T13:15:00+0530,17251.5,17253.0,17246.15,17248.8,0
2021-12-30T13:20:00+0530,17248.55,17251.1,17229.85,17240.1,0
2021-12-30T13:25:00+0530,17240.5,17242.6,17234.35,17240.0,0
2021-12-30T13:30:00+0530,17240.05,17243.65,17233.5,17233.85,0
2021-12-30T13:35:00+0530,17234.0,17249.75,17227.1,17246.9,0
2021-12-30T13:40:00+0530,17247.15,17252.1,17238.5,17238.65,0
2021-12-30T13:45:00+0530,17238.85,17242.95,17234.55,17238.4,0
2021-12-30T13:50:00+0530,17237.85,17247.6,17237.2,17243.9,0
2021-12-30T13:55:00+0530,17243.9,17249.95,17239.4,17243.1,0
2021-12-30T14:00:00+0530,17243.15,17244.9,17237.2,17239.2,0
2021-12-30T14:05:00+0530,17239.45,17240.55,17229.05,17231.25,0
2021-12-30T14:10:00+0530,17230.95,17235.6,17219.65,17223.35,0
2021-12-30T14:15:00+0530,17222.65,17229.95,17212.6,17224.85,0
2021-12-30T14:20:00+0530,17225.0,17233.7,17219.9,17231.6,0
2021-12-30T14:25:00+0530,17232.65,17234.05,17224.8,17224.8,0
2021-12-30T14:30:00+0530,17225.4,17227.25,17209.05,17212.55,0
2021-12-30T14:35:00+0530,17213.4,17222.15,17210.2,17220.15,0
2021-12-30T14:40:00+0530,17220.4,17222.9,17211.1,17216.85,0
2021-12-30T14:45:00+0530,17217.3,17226.45,17216.1,17219.5,0
2021-12-30T14:50:00+0530,17219.3,17226.4,17209.65,17211.55,0
2021-12-30T14:55:00+0530,17211.95,17215.3,17204.05,17204.05,0
2021-12-30T15:00:00+0530,17204.5,17207.35,17179.6,17197.25,0
2021-12-30T15:05:00+0530,17198.95,17202.7,17189.1,17202.25,0
2021-12-30T15:10:00+0530,17202.7,17221.0,17199.65,17210.85,0
2021-12-30T15:15:00+0530,17211.0,17211.0,17197.8,17206.35,0
2021-12-30T15:20:00+0530,17206.4,17217.55,17202.25,17211.0,0
2021-12-30T15:25:00+0530,17210.4,17235.15,17207.75,17228.95,0
2021-12-31T09:15:00+0530,17244.5,17308.65,17244.5,17301.15,0
2021-12-31T09:20:00+0530,17302.15,17315.35,17293.9,17298.1,0
2021-12-31T09:25:00+0530,17298.7,17314.35,17298.7,17313.8,0
2021-12-31T09:30:00+0530,17314.2,17338.55,17314.2,17338.2,0
2021-12-31T09:35:00+0530,17339.2,17350.8,17335.75,17347.7,0
2021-12-31T09:40:00+0530,17347.45,17348.35,17338.6,17339.75,0
2021-12-31T09:45:00+0530,17340.15,17358.75,17331.45,17334.75,0
2021-12-31T09:50:00+0530,17335.1,17337.7,17323.05,17336.7,0
2021-12-31T09:55:00+0530,17337.0,17351.95,17334.4,17347.1,0
2021-12-31T10:00:00+0530,17346.45,17349.15,17327.6,17328.9,0
2021-12-31T10:05:00+0530,17329.5,17344.65,17327.6,17343.65,0
2021-12-31T10:10:00+0530,17343.05,17353.3,17341.3,17349.7,0
2021-12-31T10:15:00+0530,17350.15,17359.1,17346.85,17351.0,0
2021-12-31T10:20:00+0530,17350.5,17351.4,17338.65,17348.1,0
2021-12-31T10:25:00+0530,17347.2,17347.5,17327.45,17328.75,0
2021-12-31T10:30:00+0530,17328.65,17341.1,17327.2,17338.6,0
2021-12-31T10:35:00+0530,17338.45,17342.4,17334.2,17337.0,0
2021-12-31T10:40:00+0530,17336.8,17345.05,17336.6,17342.1,0
2021-12-31T10:45:00+0530,17341.9,17350.25,17339.2,17350.25,0
2021-12-31T10:50:00+0530,17350.2,17351.85,17341.75,17343.1,0
2021-12-31T10:55:00+0530,17342.95,17343.0,17333.75,17334.6,0
2021-12-31T11:00:00+0530,17334.05,17341.0,17325.25,17339.65,0
2021-12-31T11:05:00+0530,17338.9,17345.75,17338.0,17339.95,0
2021-12-31T11:10:00+0530,17339.9,17351.5,17339.9,17350.45,0
2021-12-31T11:15:00+0530,17351.2,17356.6,17347.2,17354.3,0
2021-12-31T11:20:00+0530,17354.3,17356.15,17350.85,17353.95,0
2021-12-31T11:25:00+0530,17354.0,17355.8,17342.35,17342.6,0
2021-12-31T11:30:00+0530,17342.4,17348.95,17340.55,17346.65,0
2021-12-31T11:35:00+0530,17346.65,17362.2,17346.35,17359.7,0
2021-12-31T11:40:00+0530,17359.1,17360.05,17351.75,17356.8,0
2021-12-31T11:45:00+0530,17356.75,17365.7,17356.35,17361.85,0
2021-12-31T11:50:00+0530,17362.5,17364.0,17354.55,17361.35,0
2021-12-31T11:55:00+0530,17361.7,17367.7,17357.7,17363.7,0
2021-12-31T12:00:00+0530,17363.9,17366.6,17361.4,17365.85,0
2021-12-31T12:05:00+0530,17366.0,17366.0,17353.9,17355.95,0
2021-12-31T12:10:00+0530,17356.05,17359.25,17353.05,17358.75,0
2021-12-31T12:15:00+0530,17359.15,17359.8,17352.7,17354.25,0
2021-12-31T12:20:00+0530,17353.45,17368.45,17353.3,17368.1,0
2021-12-31T12:25:00+0530,17368.15,17368.45,17357.75,17357.75,0
2021-12-31T12:30:00+0530,17358.1,17367.5,17356.0,17367.0,0
2021-12-31T12:35:00+0530,17366.75,17374.25,17366.15,17373.45,0
2021-12-31T12:40:00+0530,17373.25,17383.15,17370.35,17380.35,0
2021-12-31T12:45:00+0530,17380.75,17393.3,17380.75,17392.15,0
2021-12-31T12:50:00+0530,17391.2,17391.75,17383.25,17386.9,0
2021-12-31T12:55:00+0530,17387.0,17389.4,17379.0,17385.85,0
2021-12-31T13:00:00+0530,17385.4,17392.8,17384.6,17392.05,0
2021-12-31T13:05:00+0530,17392.1,17393.35,17379.55,17388.65,0
2021-12-31T13:10:00+0530,17387.65,17400.55,17387.65,17396.9,0
2021-12-31T13:15:00+0530,17396.85,17400.55,17388.85,17390.55,0
2021-12-31T13:20:00+0530,17390.35,17392.05,17380.15,17390.15,0
2021-12-31T13:25:00+0530,17390.15,17396.05,17381.8,17382.75,0
2021-12-31T13:30:00+0530,17383.35,17394.5,17383.05,17391.6,0
2021-12-31T13:35:00+0530,17391.05,17398.1,17386.5,17389.6,0
2021-12-31T13:40:00+0530,17389.35,17390.05,17375.75,17376.95,0
2021-12-31T13:45:00+0530,17376.9,17389.35,17376.45,17384.2,0
2021-12-31T13:50:00+0530,17384.65,17385.75,17372.9,17373.55,0
2021-12-31T13:55:00+0530,17373.45,17379.75,17371.95,17376.95,0
2021-12-31T14:00:00+0530,17376.9,17380.75,17376.0,17376.3,0
2021-12-31T14:05:00+0530,17377.55,17384.65,17375.3,17379.5,0
2021-12-31T14:10:00+0530,17379.6,17380.25,17342.85,17353.95,0
2021-12-31T14:15:00+0530,17354.3,17359.65,17344.2,17346.85,0
2021-12-31T14:20:00+0530,17347.45,17364.35,17343.3,17362.45,0
2021-12-31T14:25:00+0530,17361.1,17362.9,17351.75,17356.2,0
2021-12-31T14:30:00+0530,17355.35,17367.2,17351.7,17359.65,0
2021-12-31T14:35:00+0530,17358.05,17359.8,17353.7,17358.1,0
2021-12-31T14:40:00+0530,17357.4,17371.2,17357.3,17368.9,0
2021-12-31T14:45:00+0530,17368.55,17377.25,17364.65,17365.4,0
2021-12-31T14:50:00+0530,17365.9,17371.95,17365.25,17365.95,0
2021-12-31T14:55:00+0530,17366.35,17367.7,17358.05,17363.25,0
2021-12-31T15:00:00+0530,17364.3,17364.3,17341.85,17354.15,0
2021-12-31T15:05:00+0530,17354.35,17357.4,17350.0,17356.7,0
2021-12-31T15:10:00+0530,17356.45,17357.2,17349.65,17351.45,0
2021-12-31T15:15:00+0530,17351.4,17359.35,17350.1,17358.5,0
2021-12-31T15:20:00+0530,17358.5,17363.2,17352.45,17357.95,0
2021-12-31T15:25:00+0530,17357.9,17365.45,17351.1,17364.25,0
2022-01-03T09:15:00+0530,17387.15,17474.65,17387.15,17473.2,0
2022-01-03T09:20:00+0530,17470.95,17478.1,17438.9,17439.5,0
2022-01-03T09:25:00+0530,17440.35,17463.8,17436.35,17462.35,0
2022-01-03T09:30:00+0530,17463.2,17473.1,17450.75,17462.8,0
2022-01-03T09:35:00+0530,17463.0,17475.05,17461.4,17473.5,0
2022-01-03T09:40:00+0530,17473.55,17474.35,17460.85,17463.35,0
2022-01-03T09:45:00+0530,17463.1,17484.8,17461.0,17484.8,0
2022-01-03T09:50:00+0530,17484.9,17497.25,17482.4,17493.95,0
2022-01-03T09:55:00+0530,17492.85,17498.2,17485.25,17497.5,0
2022-01-03T10:00:00+0530,17496.3,17499.25,17486.25,17496.65,0
2022-01-03T10:05:00+0530,17496.0,17496.4,17486.55,17493.2,0
2022-01-03T10:10:00+0530,17493.3,17501.65,17490.5,17498.1,0
2022-01-03T10:15:00+0530,17499.45,17499.45,17488.0,17491.8,0
2022-01-03T10:20:00+0530,17491.95,17510.55,17490.0,17509.55,0
2022-01-03T10:25:00+0530,17509.65,17517.85,17509.65,17512.75,0
2022-01-03T10:30:00+0530,17512.8,17526.55,17509.95,17519.1,0
2022-01-03T10:35:00+0530,17518.8,17520.5,17507.3,17507.3,0
2022-01-03T10:40:00+0530,17506.65,17513.0,17506.65,17510.15,0
2022-01-03T10:45:00+0530,17510.45,17513.9,17506.6,17509.4,0
2022-01-03T10:50:00+0530,17509.15,17518.55,17508.55,17512.45,0
2022-01-03T10:55:00+0530,17513.5,17520.25,17510.55,17517.3,0
2022-01-03T11:00:00+0530,17517.35,17521.05,17512.8,17516.55,0
2022-01-03T11:05:00+0530,17517.65,17521.0,17511.1,17511.6,0
2022-01-03T11:10:00+0530,17512.1,17527.9,17510.4,17527.65,0
2022-01-03T11:15:00+0530,17528.35,17531.4,17516.45,17525.2,0
2022-01-03T11:20:00+0530,17525.4,17528.8,17521.7,17526.05,0
2022-01-03T11:25:00+0530,17525.95,17527.8,17522.35,17523.6,0
2022-01-03T11:30:00+0530,17523.4,17524.7,17512.0,17518.65,0
2022-01-03T11:35:00+0530,17519.2,17527.35,17516.05,17519.85,0
2022-01-03T11:40:00+0530,17520.1,17532.7,17519.5,17527.95,0
2022-01-03T11:45:00+0530,17527.9,17528.25,17521.4,17524.35,0
2022-01-03T11:50:00+0530,17524.0,17528.25,17521.2,17527.6,0
2022-01-03T11:55:00+0530,17527.6,17531.2,17521.2,17531.2,0
2022-01-03T12:00:00+0530,17530.9,17534.0,17518.85,17519.65,0
2022-01-03T12:05:00+0530,17519.35,17523.3,17516.75,17518.8,0
2022-01-03T12:10:00+0530,17518.5,17527.15,17516.45,17524.9,0
2022-01-03T12:15:00+0530,17523.7,17538.5,17523.7,17537.65,0
2022-01-03T12:20:00+0530,17538.0,17545.1,17537.1,17543.45,0
2022-01-03T12:25:00+0530,17543.4,17545.5,17540.55,17545.0,0
2022-01-03T12:30:00+0530,17544.55,17556.5,17544.3,17550.75,0
2022-01-03T12:35:00+0530,17551.05,17563.05,17551.05,17561.35,0
2022-01-03T12:40:00+0530,17561.2,17578.95,17558.25,17566.4,0
2022-01-03T12:45:00+0530,17566.5,17576.25,17565.1,17573.4,0
2022-01-03T12:50:00+0530,17573.85,17574.85,17565.55,17568.25,0
2022-01-03T12:55:00+0530,17568.45,17571.0,17561.85,17570.05,0
2022-01-03T13:00:00+0530,17570.05,17575.5,17569.4,17572.55,0
2022-01-03T13:05:00+0530,17571.6,17576.05,17568.5,17572.85,0
2022-01-03T13:10:00+0530,17573.3,17579.2,17572.1,17575.9,0
2022-01-03T13:15:00+0530,17575.85,17584.7,17575.85,17580.7,0
2022-01-03T13:20:00+0530,17580.3,17588.35,17576.65,17584.1,0
2022-01-03T13:25:00+0530,17584.8,17586.25,17580.15,17580.15,0
2022-01-03T13:30:00+0530,17580.0,17581.35,17569.25,17579.8,0
2022-01-03T13:35:00+0530,17580.35,17581.45,17571.65,17572.95,0
2022-01-03T13:40:00+0530,17572.9,17577.6,17567.95,17575.65,0
2022-01-03T13:45:00+0530,17576.55,17591.95,17576.1,17588.25,0
2022-01-03T13:50:00+0530,17588.6,17594.45,17587.25,17591.0,0
2022-01-03T13:55:00+0530,17590.75,17593.95,17587.5,17592.3,0
2022-01-03T14:00:00+0530,17591.85,17603.9,17591.85,17595.45,0
2022-01-03T14:05:00+0530,17595.1,17606.25,17590.3,17604.9,0
2022-01-03T14:10:00+0530,17605.3,17613.85,17604.65,17611.1,0
2022-01-03T14:15:00+0530,17611.5,17616.85,17607.15,17616.85,0
2022-01-03T14:20:00+0530,17616.55,17625.2,17615.7,17624.9,0
2022-01-03T14:25:00+0530,17625.15,17627.65,17621.05,17622.1,0
2022-01-03T14:30:00+0530,17622.1,17642.85,17616.25,17637.9,0
2022-01-03T14:35:00+0530,17638.5,17646.1,17630.95,17630.95,0
2022-01-03T14:40:00+0530,17630.8,17639.1,17630.35,17634.2,0
2022-01-03T14:45:00+0530,17634.05,17638.35,17612.6,17615.0,0
2022-01-03T14:50:00+0530,17615.2,17620.5,17610.15,17615.25,0
2022-01-03T14:55:00+0530,17616.1,17623.2,17611.55,17612.2,0
2022-01-03T15:00:00+0530,17611.1,17634.1,17604.8,17632.45,0
2022-01-03T15:05:00+0530,17631.3,17635.35,17622.4,17624.25,0
2022-01-03T15:10:00+0530,17622.85,17624.95,17617.95,17622.0,0
2022-01-03T15:15:00+0530,17622.15,17629.95,17617.7,17628.3,0
2022-01-03T15:20:00+0530,17628.0,17640.2,17619.9,17625.05,0
2022-01-03T15:25:00+0530,17625.5,17640.55,17623.95,17635.35,0
2022-01-04T09:15:00+0530,17681.4,17707.25,17648.8,17682.0,0
2022-01-04T09:20:00+0530,17681.7,17714.95,17659.1,17708.5,0
2022-01-04T09:25:00+0530,17709.05,17709.9,17691.0,17691.0,0
2022-01-04T09:30:00+0530,17691.0,17694.8,17671.0,17671.25,0
2022-01-04T09:35:00+0530,17671.95,17672.8,17611.0,17618.15,0
2022-01-04T09:40:00+0530,17617.0,17657.7,17594.25,17657.4,0
2022-01-04T09:45:00+0530,17657.85,17677.7,17655.0,17675.55,0
2022-01-04T09:50:00+0530,17676.3,17682.55,17670.1,17681.45,0
2022-01-04T09:55:00+0530,17681.1,17701.0,17677.1,17699.95,0
2022-01-04T10:00:00+0530,17699.7,17702.6,17689.65,17697.65,0
2022-01-04T10:05:00+0530,17697.45,17714.5,17695.55,17713.1,0
2022-01-04T10:10:00+0530,17714.0,17723.05,17712.2,17721.7,0
2022-01-04T10:15:00+0530,17722.45,17733.05,17722.45,17731.5,0
2022-01-04T10:20:00+0530,17731.45,17731.45,17699.15,17708.4,0
2022-01-04T10:25:00+0530,17708.35,17714.9,17699.25,17711.75,0
2022-01-04T10:30:00+0530,17711.85,17723.25,17710.6,17721.1,0
2022-01-04T10:35:00+0530,17721.45,17726.05,17712.15,17713.45,0
2022-01-04T10:40:00+0530,17713.15,17714.3,17693.8,17695.8,0
2022-01-04T10:45:00+0530,17695.7,17697.6,17682.0,17686.65,0
2022-01-04T10:50:00+0530,17686.65,17712.8,17684.7,17707.6,0
2022-01-04T10:55:00+0530,17708.1,17712.45,17703.6,17711.25,0
2022-01-04T11:00:00+0530,17711.45,17717.1,17706.45,17708.45,0
2022-01-04T11:05:00+0530,17708.05,17709.45,17702.55,17704.25,0
2022-01-04T11:10:00+0530,17704.3,17706.3,17692.45,17692.45,0
2022-01-04T11:15:00+0530,17691.45,17701.4,17681.7,17697.45,0
2022-01-04T11:20:00+0530,17696.85,17698.05,17669.95,17669.95,0
2022-01-04T11:25:00+0530,17665.2,17687.65,17665.2,17685.15,0
2022-01-04T11:30:00+0530,17685.8,17695.8,17679.8,17695.25,0
2022-01-04T11:35:00+0530,17695.35,17702.9,17690.05,17702.75,0
2022-01-04T11:40:00+0530,17702.65,17711.15,17702.65,17709.8,0
2022-01-04T11:45:00+0530,17709.85,17710.7,17701.1,17704.1,0
2022-01-04T11:50:00+0530,17703.75,17714.4,17702.45,17713.85,0
2022-01-04T11:55:00+0530,17713.3,17717.95,17710.55,17713.15,0
2022-01-04T12:00:00+0530,17712.45,17722.3,17706.7,17721.25,0
2022-01-04T12:05:00+0530,17721.35,17730.65,17719.4,17729.05,0
2022-01-04T12:10:00+0530,17728.9,17733.35,17725.3,17732.6,0
2022-01-04T12:15:00+0530,17732.65,17733.9,17717.65,17727.35,0
2022-01-04T12:20:00+0530,17727.55,17728.1,17720.95,17723.4,0
2022-01-04T12:25:00+0530,17723.55,17728.0,17721.95,17724.45,0
2022-01-04T12:30:00+0530,17724.55,17736.9,17718.15,17735.3,0
2022-01-04T12:35:00+0530,17735.3,17737.2,17727.2,17732.35,0
2022-01-04T12:40:00+0530,17732.1,17742.5,17729.4,17740.05,0
2022-01-04T12:45:00+0530,17739.55,17743.5,17719.3,17725.7,0
2022-01-04T12:50:00+0530,17725.0,17732.65,17721.3,17730.05,0
2022-01-04T12:55:00+0530,17729.35,17734.25,17727.15,17734.1,0
2022-01-04T13:00:00+0530,17733.75,17735.8,17720.2,17733.0,0
2022-01-04T13:05:00+0530,17733.1,17738.35,17723.45,17725.45,0
2022-01-04T13:10:00+0530,17725.85,17728.95,17707.15,17712.4,0
2022-01-04T13:15:00+0530,17712.75,17712.75,17697.55,17703.55,0
2022-01-04T13:20:00+0530,17702.85,17720.55,17696.0,17717.4,0
2022-01-04T13:25:00+0530,17717.05,17719.05,17711.45,17715.75,0
2022-01-04T13:30:00+0530,17716.3,17721.5,17706.95,17709.25,0
2022-01-04T13:35:00+0530,17708.85,17710.0,17694.3,17695.75,0
2022-01-04T13:40:00+0530,17695.8,17702.3,17678.55,17678.55,0
2022-01-04T13:45:00+0530,17678.1,17688.25,17669.95,17684.7,0
2022-01-04T13:50:00+0530,17684.05,17702.3,17682.5,17702.05,0
2022-01-04T13:55:00+0530,17702.15,17711.45,17699.4,17708.5,0
2022-01-04T14:00:00+0530,17709.2,17726.85,17708.5,17726.2,0
2022-01-04T14:05:00+0530,17725.5,17730.8,17721.9,17727.4,0
2022-01-04T14:10:00+0530,17727.35,17728.8,17720.45,17725.95,0
2022-01-04T14:15:00+0530,17725.4,17736.7,17725.4,17733.0,0
2022-01-04T14:20:00+0530,17732.7,17741.85,17731.15,17741.85,0
2022-01-04T14:25:00+0530,17742.6,17746.7,17733.6,17741.7,0
2022-01-04T14:30:00+0530,17741.4,17752.75,17741.05,17748.3,0
2022-01-04T14:35:00+0530,17748.3,17768.45,17746.95,17768.15,0
2022-01-04T14:40:00+0530,17768.25,17771.2,17761.9,17770.0,0
2022-01-04T14:45:00+0530,17769.8,17777.45,17765.5,17768.65,0
2022-01-04T14:50:00+0530,17768.7,17777.3,17766.45,17775.05,0
2022-01-04T14:55:00+0530,17775.3,17790.3,17774.15,17788.75,0
2022-01-04T15:00:00+0530,17787.85,17798.3,17785.4,17793.1,0
2022-01-04T15:05:00+0530,17793.85,17797.95,17787.7,17792.5,0
2022-01-04T15:10:00+0530,17792.55,17798.65,17787.2,17797.6,0
2022-01-04T15:15:00+0530,17798.2,17817.0,17793.55,17816.25,0
2022-01-04T15:20:00+0530,17816.65,17827.3,17814.3,17819.35,0
2022-01-04T15:25:00+0530,17820.05,17820.05,17804.7,17807.35,0
2022-01-05T09:15:00+0530,17820.1,17823.35,17778.05,17823.35,0
2022-01-05T09:20:00+0530,17821.0,17827.45,17804.85,17823.25,0
2022-01-05T09:25:00+0530,17822.7,17829.6,17810.35,17822.1,0
2022-01-05T09:30:00+0530,17821.95,17822.85,17776.95,17781.4,0
2022-01-05T09:35:00+0530,17781.8,17788.1,17752.8,17753.6,0
2022-01-05T09:40:00+0530,17752.35,17798.1,17750.1,17795.7,0
2022-01-05T09:45:00+0530,17796.4,17826.2,17795.45,17814.35,0
2022-01-05T09:50:00+0530,17815.05,17821.7,17810.3,17819.1,0
2022-01-05T09:55:00+0530,17819.9,17842.8,17816.05,17842.8,0
2022-01-05T10:00:00+0530,17842.15,17843.6,17833.5,17839.4,0
2022-01-05T10:05:00+0530,17839.55,17843.15,17825.65,17842.25,0
2022-01-05T10:10:00+0530,17841.85,17853.45,17841.7,17845.75,0
2022-01-05T10:15:00+0530,17845.7,17853.45,17840.4,17847.75,0
2022-01-05T10:20:00+0530,17847.9,17849.45,17826.0,17832.65,0
2022-01-05T10:25:00+0530,17831.7,17841.15,17824.25,17824.25,0
2022-01-05T10:30:00+0530,17824.15,17837.4,17821.1,17824.2,0
2022-01-05T10:35:00+0530,17824.45,17829.3,17816.8,17820.15,0
2022-01-05T10:40:00+0530,17820.45,17825.25,17814.55,17822.7,0
2022-01-05T10:45:00+0530,17822.5,17823.8,17808.0,17808.25,0
2022-01-05T10:50:00+0530,17807.5,17814.25,17802.9,17804.1,0
2022-01-05T10:55:00+0530,17803.05,17805.8,17789.25,17805.5,0
2022-01-05T11:00:00+0530,17806.5,17816.3,17804.6,17810.75,0
2022-01-05T11:05:00+0530,17811.9,17816.1,17797.15,17797.15,0
2022-01-05T11:10:00+0530,17798.25,17807.85,17794.8,17798.35,0
2022-01-05T11:15:00+0530,17798.85,17810.4,17792.05,17809.45,0
2022-01-05T11:20:00+0530,17809.55,17840.4,17809.15,17838.45,0
2022-01-05T11:25:00+0530,17838.75,17851.6,17838.75,17848.9,0
2022-01-05T11:30:00+0530,17847.35,17848.05,17832.5,17834.1,0
2022-01-05T11:35:00+0530,17835.55,17843.9,17834.15,17838.55,0
2022-01-05T11:40:00+0530,17838.75,17843.25,17835.8,17839.3,0
2022-01-05T11:45:00+0530,17838.25,17839.4,17822.7,17838.25,0
2022-01-05T11:50:00+0530,17838.55,17845.1,17837.3,17840.9,0
2022-01-05T11:55:00+0530,17840.5,17848.05,17840.5,17844.5,0
2022-01-05T12:00:00+0530,17844.95,17849.95,17839.7,17841.1,0
2022-01-05T12:05:00+0530,17842.45,17853.25,17842.3,17852.4,0
2022-01-05T12:10:00+0530,17852.5,17864.9,17849.3,17863.15,0
2022-01-05T12:15:00+0530,17863.05,17872.1,17859.4,17870.8,0
2022-01-05T12:20:00+0530,17870.3,17876.25,17869.35,17870.65,0
2022-01-05T12:25:00+0530,17870.05,17874.2,17866.4,17870.9,0
2022-01-05T12:30:00+0530,17870.9,17885.4,17870.55,17883.7,0
2022-01-05T12:35:00+0530,17883.25,17891.1,17882.2,17885.6,0
2022-01-05T12:40:00+0530,17885.7,17896.2,17884.35,17892.85,0
2022-01-05T12:45:00+0530,17892.2,17895.5,17884.05,17895.5,0
2022-01-05T12:50:00+0530,17894.8,17912.05,17894.8,17910.9,0
2022-01-05T12:55:00+0530,17910.8,17915.65,17904.95,17911.15,0
2022-01-05T13:00:00+0530,17909.5,17911.5,17899.2,17906.25,0
2022-01-05T13:05:00+0530,17906.35,17918.9,17905.3,17918.25,0
2022-01-05T13:10:00+0530,17919.2,17925.55,17915.65,17924.3,0
2022-01-05T13:15:00+0530,17925.5,17927.05,17899.65,17902.75,0
2022-01-05T13:20:00+0530,17901.95,17905.45,17879.75,17903.4,0
2022-01-05T13:25:00+0530,17903.5,17911.7,17900.3,17908.4,0
2022-01-05T13:30:00+0530,17909.4,17926.9,17909.4,17918.4,0
2022-01-05T13:35:00+0530,17918.25,17929.35,17915.2,17928.2,0
2022-01-05T13:40:00+0530,17928.75,17934.4,17922.9,17925.85,0
2022-01-05T13:45:00+0530,17925.75,17933.1,17913.3,17915.0,0
2022-01-05T13:50:00+0530,17915.4,17931.55,17908.95,17928.15,0
2022-01-05T13:55:00+0530,17928.25,17933.3,17926.35,17930.25,0
2022-01-05T14:00:00+0530,17929.95,17930.55,17921.35,17925.15,0
2022-01-05T14:05:00+0530,17925.85,17926.55,17916.7,17923.8,0
2022-01-05T14:10:00+0530,17923.95,17925.2,17906.5,17911.05,0
2022-01-05T14:15:00+0530,17912.05,17929.9,17911.0,17922.75,0
2022-01-05T14:20:00+0530,17922.05,17940.4,17918.95,17932.3,0
2022-01-05T14:25:00+0530,17931.7,17933.45,17918.5,17921.35,0
2022-01-05T14:30:00+0530,17920.7,17932.75,17919.9,17930.55,0
2022-01-05T14:35:00+0530,17930.6,17938.35,17923.85,17923.9,0
2022-01-05T14:40:00+0530,17923.75,17928.2,17916.95,17926.3,0
2022-01-05T14:45:00+0530,17925.65,17932.6,17917.25,17920.65,0
2022-01-05T14:50:00+0530,17920.25,17921.85,17901.65,17902.45,0
2022-01-05T14:55:00+0530,17901.65,17911.95,17887.7,17892.7,0
2022-01-05T15:00:00+0530,17892.75,17944.2,17892.75,17944.2,0
2022-01-05T15:05:00+0530,17943.65,17943.9,17924.55,17925.15,0
2022-01-05T15:10:00+0530,17924.7,17936.05,17923.45,17935.7,0
2022-01-05T15:15:00+0530,17935.4,17935.85,17922.55,17924.95,0
2022-01-05T15:20:00+0530,17925.3,17928.0,17907.75,17911.65,0
2022-01-05T15:25:00+0530,17911.5,17920.65,17906.75,17907.7,0
2022-01-06T09:15:00+0530,17768.5,17794.85,17737.5,17748.35,0
2022-01-06T09:20:00+0530,17747.0,17784.25,17738.9,17761.1,0
2022-01-06T09:25:00+0530,17762.9,17763.15,17723.85,17724.15,0
2022-01-06T09:30:00+0530,17723.25,17723.25,17689.6,17689.75,0
2022-01-06T09:35:00+0530,17688.95,17710.1,17672.1,17706.85,0
2022-01-06T09:40:00+0530,17704.95,17734.5,17700.1,17726.4,0
2022-01-06T09:45:00+0530,17726.55,17733.05,17710.1,17714.1,0
2022-01-06T09:50:00+0530,17713.75,17722.05,17700.7,17707.35,0
2022-01-06T09:55:00+0530,17707.5,17714.8,17700.3,17714.45,0
2022-01-06T10:00:00+0530,17714.6,17734.75,17712.45,17734.5,0
2022-01-06T10:05:00+0530,17735.05,17737.05,17727.95,17729.15,0
2022-01-06T10:10:00+0530,17729.2,17729.2,17715.8,17723.2,0
2022-01-06T10:15:00+0530,17723.5,17723.5,17705.75,17721.5,0
2022-01-06T10:20:00+0530,17720.55,17727.15,17711.25,17714.85,0
2022-01-06T10:25:00+0530,17715.15,17715.2,17687.4,17688.05,0
2022-01-06T10:30:00+0530,17687.65,17698.55,17681.8,17697.1,0
2022-01-06T10:35:00+0530,17697.0,17705.05,17691.3,17694.75,0
2022-01-06T10:40:00+0530,17694.55,17694.55,17668.2,17672.25,0
2022-01-06T10:45:00+0530,17672.5,17683.85,17662.05,17678.35,0
2022-01-06T10:50:00+0530,17678.85,17691.5,17674.35,17691.4,0
2022-01-06T10:55:00+0530,17691.2,17694.5,17676.05,17693.7,0
2022-01-06T11:00:00+0530,17693.85,17694.55,17686.35,17690.75,0
2022-01-06T11:05:00+0530,17691.05,17692.65,17684.8,17685.45,0
2022-01-06T11:10:00+0530,17685.55,17687.5,17679.55,17680.65,0
2022-01-06T11:15:00+0530,17679.6,17701.05,17675.75,17700.55,0
2022-01-06T11:20:00+0530,17699.9,17706.6,17690.65,17691.15,0
2022-01-06T11:25:00+0530,17692.1,17700.4,17691.45,17699.7,0
2022-01-06T11:30:00+0530,17699.5,17706.2,17696.65,17704.15,0
2022-01-06T11:35:00+0530,17703.8,17704.8,17684.1,17685.4,0
2022-01-06T11:40:00+0530,17685.1,17696.3,17685.1,17695.85,0
2022-01-06T11:45:00+0530,17696.0,17698.95,17687.15,17687.15,0
2022-01-06T11:50:00+0530,17687.1,17693.7,17683.7,17692.85,0
2022-01-06T11:55:00+0530,17692.5,17699.7,17691.9,17696.5,0
2022-01-06T12:00:00+0530,17697.2,17702.9,17670.35,17670.35,0
2022-01-06T12:05:00+0530,17670.75,17689.75,17663.3,17686.15,0
2022-01-06T12:10:00+0530,17685.9,17689.95,17676.25,17677.85,0
2022-01-06T12:15:00+0530,17677.85,17680.3,17662.15,17668.75,0
2022-01-06T12:20:00+0530,17668.8,17669.65,17656.55,17665.5,0
2022-01-06T12:25:00+0530,17665.65,17668.9,17660.35,17661.0,0
2022-01-06T12:30:00+0530,17661.2,17673.5,17655.9,17672.6,0
2022-01-06T12:35:00+0530,17672.55,17679.0,17670.45,17675.25,0
2022-01-06T12:40:00+0530,17675.75,17691.2,17672.25,17691.2,0
2022-01-06T12:45:00+0530,17691.3,17699.7,17689.5,17696.65,0
2022-01-06T12:50:00+0530,17696.7,17709.75,17696.6,17708.55,0
2022-01-06T12:55:00+0530,17709.05,17717.3,17706.05,17713.0,0
2022-01-06T13:00:00+0530,17713.15,17720.15,17701.8,17702.6,0
2022-01-06T13:05:00+0530,17701.75,17714.25,17697.85,17704.2,0
2022-01-06T13:10:00+0530,17704.45,17716.25,17704.15,17712.2,0
2022-01-06T13:15:00+0530,17713.0,17714.2,17703.4,17710.2,0
2022-01-06T13:20:00+0530,17710.8,17718.95,17704.75,17712.1,0
2022-01-06T13:25:00+0530,17712.85,17715.25,17688.95,17701.55,0
2022-01-06T13:30:00+0530,17702.75,17732.95,17702.75,17730.1,0
2022-01-06T13:35:00+0530,17731.25,17747.65,17730.7,17745.1,0
2022-01-06T13:40:00+0530,17745.55,17757.2,17736.45,17737.2,0
2022-01-06T13:45:00+0530,17737.9,17743.5,17734.95,17740.0,0
2022-01-06T13:50:00+0530,17740.45,17741.0,17725.05,17729.15,0
2022-01-06T13:55:00+0530,17728.55,17728.65,17702.8,17709.2,0
2022-01-06T14:00:00+0530,17710.75,17729.8,17710.2,17719.75,0
2022-01-06T14:05:00+0530,17718.8,17721.45,17709.4,17721.4,0
2022-01-06T14:10:00+0530,17721.25,17735.35,17716.95,17728.25,0
2022-01-06T14:15:00+0530,17728.2,17737.85,17725.95,17731.3,0
2022-01-06T14:20:00+0530,17731.0,17756.95,17730.75,17756.5,0
2022-01-06T14:25:00+0530,17755.95,17777.45,17752.45,17773.9,0
2022-01-06T14:30:00+0530,17774.15,17790.75,17772.25,17776.15,0
2022-01-06T14:35:00+0530,17776.25,17779.9,17766.3,17771.65,0
2022-01-06T14:40:00+0530,17772.0,17780.9,17766.4,17780.9,0
2022-01-06T14:45:00+0530,17780.45,17782.1,17762.6,17762.6,0
2022-01-06T14:50:00+0530,17763.05,17772.1,17750.45,17767.1,0
2022-01-06T14:55:00+0530,17767.75,17769.0,17753.25,17757.65,0
2022-01-06T15:00:00+0530,17757.55,17768.3,17749.6,17756.4,0
2022-01-06T15:05:00+0530,17756.5,17765.75,17742.1,17750.6,0
2022-01-06T15:10:00+0530,17749.55,17751.85,17731.65,17739.25,0
2022-01-06T15:15:00+0530,17739.85,17749.05,17728.55,17749.05,0
2022-01-06T15:20:00+0530,17751.45,17755.3,17740.3,17744.85,0
2022-01-06T15:25:00+0530,17745.05,17748.2,17736.5,17747.3,0
2022-01-07T09:15:00+0530,17797.6,17841.05,17790.9,17828.6,0
2022-01-07T09:20:00+0530,17829.55,17852.0,17829.55,17841.9,0
2022-01-07T09:25:00+0530,17841.4,17860.95,17833.85,17858.7,0
2022-01-07T09:30:00+0530,17858.15,17876.85,17858.0,17875.2,0
2022-01-07T09:35:00+0530,17875.0,17880.45,17863.6,17867.9,0
2022-01-07T09:40:00+0530,17867.5,17890.95,17863.25,17887.45,0
2022-01-07T09:45:00+0530,17886.9,17895.0,17886.1,17895.0,0
2022-01-07T09:50:00+0530,17894.6,17895.3,17876.85,17884.9,0
2022-01-07T09:55:00+0530,17883.8,17891.2,17875.7,17875.7,0
2022-01-07T10:00:00+0530,17875.7,17896.25,17875.2,17896.1,0
2022-01-07T10:05:00+0530,17895.4,17898.0,17889.7,17896.45,0
2022-01-07T10:10:00+0530,17896.3,17897.2,17882.8,17885.65,0
2022-01-07T10:15:00+0530,17885.1,17898.4,17885.1,17893.9,0
2022-01-07T10:20:00+0530,17894.0,17898.95,17884.1,17885.0,0
2022-01-07T10:25:00+0530,17884.6,17897.9,17882.65,17893.1,0
2022-01-07T10:30:00+0530,17892.75,17901.95,17889.35,17900.95,0
2022-01-07T10:35:00+0530,17901.8,17904.65,17895.9,17899.45,0
2022-01-07T10:40:00+0530,17899.55,17899.55,17872.2,17882.5,0
2022-01-07T10:45:00+0530,17882.45,17884.85,17872.7,17873.05,0
2022-01-07T10:50:00+0530,17872.35,17872.35,17850.2,17850.25,0
2022-01-07T10:55:00+0530,17850.55,17871.9,17847.7,17870.0,0
2022-01-07T11:00:00+0530,17870.6,17871.85,17832.6,17844.2,0
2022-01-07T11:05:00+0530,17844.95,17854.2,17833.6,17844.1,0
2022-01-07T11:10:00+0530,17843.65,17845.5,17823.65,17824.95,0
2022-01-07T11:15:00+0530,17825.05,17837.1,17819.75,17836.7,0
2022-01-07T11:20:00+0530,17837.4,17840.7,17825.85,17828.4,0
2022-01-07T11:25:00+0530,17828.55,17842.6,17828.45,17838.3,0
2022-01-07T11:30:00+0530,17838.15,17855.15,17838.15,17843.85,0
2022-01-07T11:35:00+0530,17844.05,17852.25,17841.55,17847.85,0
2022-01-07T11:40:00+0530,17847.8,17848.15,17831.45,17833.75,0
2022-01-07T11:45:00+0530,17833.9,17836.5,17809.8,17811.5,0
2022-01-07T11:50:00+0530,17811.2,17811.2,17778.15,17790.2,0
2022-01-07T11:55:00+0530,17789.75,17807.65,17789.45,17803.85,0
2022-01-07T12:00:00+0530,17803.5,17810.2,17791.75,17809.25,0
2022-01-07T12:05:00+0530,17809.5,17820.95,17803.7,17807.8,0
2022-01-07T12:10:00+0530,17805.85,17808.65,17793.45,17795.7,0
2022-01-07T12:15:00+0530,17794.6,17796.0,17764.6,17783.45,0
2022-01-07T12:20:00+0530,17783.6,17802.2,17777.2,17792.75,0
2022-01-07T12:25:00+0530,17791.85,17798.65,17791.15,17791.45,0
2022-01-07T12:30:00+0530,17791.0,17791.0,17777.95,17780.65,0
2022-01-07T12:35:00+0530,17780.65,17780.9,17746.65,17746.65,0
2022-01-07T12:40:00+0530,17747.45,17758.95,17728.55,17728.85,0
2022-01-07T12:45:00+0530,17728.65,17732.55,17705.05,17732.55,0
2022-01-07T12:50:00+0530,17733.1,17750.65,17729.3,17738.05,0
2022-01-07T12:55:00+0530,17737.55,17762.4,17737.45,17760.1,0
2022-01-07T13:00:00+0530,17759.65,17772.5,17752.55,17752.6,0
2022-01-07T13:05:00+0530,17752.0,17774.8,17752.0,17758.6,0
2022-01-07T13:10:00+0530,17758.95,17768.85,17755.95,17765.85,0
2022-01-07T13:15:00+0530,17765.85,17767.4,17746.35,17767.05,0
2022-01-07T13:20:00+0530,17766.5,17777.5,17764.1,17773.2,0
2022-01-07T13:25:00+0530,17772.7,17781.5,17764.65,17780.05,0
2022-01-07T13:30:00+0530,17780.3,17785.15,17770.6,17781.85,0
2022-01-07T13:35:00+0530,17781.75,17789.7,17778.95,17780.1,0
2022-01-07T13:40:00+0530,17779.95,17796.1,17778.9,17793.05,0
2022-01-07T13:45:00+0530,17792.5,17795.2,17783.8,17791.65,0
2022-01-07T13:50:00+0530,17792.25,17799.95,17784.4,17784.45,0
2022-01-07T13:55:00+0530,17784.15,17793.95,17765.7,17793.45,0
2022-01-07T14:00:00+0530,17794.3,17794.6,17766.55,17775.55,0
2022-01-07T14:05:00+0530,17775.45,17780.15,17763.7,17770.05,0
2022-01-07T14:10:00+0530,17770.2,17773.85,17749.85,17749.85,0
2022-01-07T14:15:00+0530,17749.55,17760.35,17740.1,17756.7,0
2022-01-07T14:20:00+0530,17756.45,17766.3,17747.1,17758.55,0
2022-01-07T14:25:00+0530,17758.35,17778.45,17758.35,17770.45,0
2022-01-07T14:30:00+0530,17770.7,17777.85,17764.4,17772.45,0
2022-01-07T14:35:00+0530,17772.9,17787.65,17772.55,17784.95,0
2022-01-07T14:40:00+0530,17784.9,17791.85,17775.0,17778.35,0
2022-01-07T14:45:00+0530,17777.7,17782.45,17771.2,17781.4,0
2022-01-07T14:50:00+0530,17781.1,17789.15,17776.5,17777.1,0
2022-01-07T14:55:00+0530,17775.2,17775.2,17761.8,17768.0,0
2022-01-07T15:00:00+0530,17767.75,17805.15,17767.6,17804.4,0
2022-01-07T15:05:00+0530,17804.8,17813.6,17804.4,17811.55,0
2022-01-07T15:10:00+0530,17811.85,17818.2,17803.15,17810.35,0
2022-01-07T15:15:00+0530,17810.2,17818.4,17805.45,17807.2,0
2022-01-07T15:20:00+0530,17808.1,17829.5,17808.1,17826.65,0
2022-01-07T15:25:00+0530,17826.7,17829.4,17817.35,17818.2,0
2022-01-10T09:15:00+0530,17913.3,17952.1,17906.45,17932.35,0
2022-01-10T09:20:00+0530,17932.0,17945.05,17900.4,17911.3,0
2022-01-10T09:25:00+0530,17911.3,17932.35,17885.75,17890.0,0
2022-01-10T09:30:00+0530,17888.5,17915.1,17879.8,17915.1,0
2022-01-10T09:35:00+0530,17916.15,17929.45,17905.85,17920.65,0
2022-01-10T09:40:00+0530,17921.35,17921.95,17903.9,17914.05,0
2022-01-10T09:45:00+0530,17913.9,17928.2,17912.05,17917.75,0
2022-01-10T09:50:00+0530,17917.9,17924.65,17912.65,17921.05,0
2022-01-10T09:55:00+0530,17920.45,17948.8,17919.95,17946.65,0
2022-01-10T10:00:00+0530,17947.65,17961.8,17943.65,17949.95,0
2022-01-10T10:05:00+0530,17949.1,17961.05,17941.9,17958.1,0
2022-01-10T10:10:00+0530,17958.45,17969.6,17957.55,17967.6,0
2022-01-10T10:15:00+0530,17967.1,17974.4,17960.8,17970.15,0
2022-01-10T10:20:00+0530,17969.95,17977.5,17953.45,17961.65,0
2022-01-10T10:25:00+0530,17960.7,17976.55,17954.75,17972.55,0
2022-01-10T10:30:00+0530,17972.95,17974.0,17953.95,17954.15,0
2022-01-10T10:35:00+0530,17954.45,17960.95,17944.3,17958.15,0
2022-01-10T10:40:00+0530,17957.7,17958.5,17939.9,17940.75,0
2022-01-10T10:45:00+0530,17941.9,17955.05,17940.7,17951.1,0
2022-01-10T10:50:00+0530,17951.7,17971.3,17945.35,17949.0,0
2022-01-10T10:55:00+0530,17948.35,17963.9,17947.15,17962.1,0
2022-01-10T11:00:00+0530,17961.25,17967.2,17956.8,17966.1,0
2022-01-10T11:05:00+0530,17966.65,17977.55,17962.35,17973.4,0
2022-01-10T11:10:00+0530,17972.3,17977.45,17961.15,17961.8,0
2022-01-10T11:15:00+0530,17961.75,17965.75,17955.0,17955.0,0
2022-01-10T11:20:00+0530,17954.85,17956.6,17937.6,17941.4,0
2022-01-10T11:25:00+0530,17943.5,17948.0,17929.8,17933.15,0
2022-01-10T11:30:00+0530,17932.1,17943.25,17929.95,17935.35,0
2022-01-10T11:35:00+0530,17935.4,17942.25,17933.4,17940.95,0
2022-01-10T11:40:00+0530,17940.5,17944.15,17935.1,17936.5,0
2022-01-10T11:45:00+0530,17936.2,17937.5,17917.7,17918.9,0
2022-01-10T11:50:00+0530,17918.6,17919.85,17904.65,17911.9,0
2022-01-10T11:55:00+0530,17910.45,17912.3,17901.05,17909.35,0
2022-01-10T12:00:00+0530,17908.8,17930.65,17907.85,17927.85,0
2022-01-10T12:05:00+0530,17927.75,17941.0,17927.7,17938.35,0
2022-01-10T12:10:00+0530,17937.3,17942.2,17933.7,17939.2,0
2022-01-10T12:15:00+0530,17938.95,17953.7,17936.5,17952.45,0
2022-01-10T12:20:00+0530,17952.4,17958.8,17951.85,17954.45,0
2022-01-10T12:25:00+0530,17955.15,17959.1,17948.0,17950.1,0
2022-01-10T12:30:00+0530,17949.95,17956.7,17946.05,17950.35,0
2022-01-10T12:35:00+0530,17950.6,17962.45,17950.6,17957.1,0
2022-01-10T12:40:00+0530,17958.3,17964.1,17954.75,17962.75,0
2022-01-10T12:45:00+0530,17962.95,17971.65,17962.95,17968.65,0
2022-01-10T12:50:00+0530,17967.85,17977.95,17964.5,17976.9,0
2022-01-10T12:55:00+0530,17976.7,17978.0,17960.6,17960.6,0
2022-01-10T13:00:00+0530,17960.0,17971.8,17954.15,17965.15,0
2022-01-10T13:05:00+0530,17964.8,17967.0,17952.95,17957.15,0
2022-01-10T13:10:00+0530,17956.1,17965.05,17955.2,17963.3,0
2022-01-10T13:15:00+0530,17963.35,17964.35,17951.35,17952.6,0
2022-01-10T13:20:00+0530,17953.0,17963.1,17953.0,17960.9,0
2022-01-10T13:25:00+0530,17962.35,17963.15,17952.15,17953.65,0
2022-01-10T13:30:00+0530,17954.1,17963.85,17949.35,17957.65,0
2022-01-10T13:35:00+0530,17956.65,17971.35,17956.2,17969.95,0
2022-01-10T13:40:00+0530,17971.6,17973.5,17964.8,17973.5,0
2022-01-10T13:45:00+0530,17972.7,17979.15,17969.3,17969.75,0
2022-01-10T13:50:00+0530,17969.65,17970.65,17960.35,17960.35,0
2022-01-10T13:55:00+0530,17959.9,17974.05,17953.05,17969.35,0
2022-01-10T14:00:00+0530,17969.95,17981.2,17969.1,17969.85,0
2022-01-10T14:05:00+0530,17970.35,17971.4,17957.85,17961.2,0
2022-01-10T14:10:00+0530,17960.4,17968.7,17960.0,17964.5,0
2022-01-10T14:15:00+0530,17964.05,17973.4,17962.75,17965.85,0
2022-01-10T14:20:00+0530,17965.55,17972.6,17960.25,17964.1,0
2022-01-10T14:25:00+0530,17964.0,17978.85,17964.0,17976.35,0
2022-01-10T14:30:00+0530,17976.15,17978.95,17965.9,17969.85,0
2022-01-10T14:35:00+0530,17971.1,17974.8,17967.05,17974.45,0
2022-01-10T14:40:00+0530,17973.45,17978.5,17972.7,17975.25,0
2022-01-10T14:45:00+0530,17975.5,17989.1,17975.05,17986.55,0
2022-01-10T14:50:00+0530,17985.95,17997.35,17985.95,17989.65,0
2022-01-10T14:55:00+0530,17988.4,17996.35,17982.0,17994.75,0
2022-01-10T15:00:00+0530,17995.3,18000.35,17985.25,18000.35,0
2022-01-10T15:05:00+0530,18002.5,18008.65,17996.1,17996.3,0
2022-01-10T15:10:00+0530,17996.55,18009.0,17996.15,18004.5,0
2022-01-10T15:15:00+0530,18004.7,18010.5,18002.2,18005.4,0
2022-01-10T15:20:00+0530,18005.65,18007.05,17998.2,18006.8,0
2022-01-10T15:25:00+0530,18006.35,18016.8,18004.95,18005.45,0
2022-01-11T09:15:00+0530,17997.75,18053.35,17984.25,18019.55,0
2022-01-11T09:20:00+0530,18020.4,18029.9,17985.9,18024.75,0
2022-01-11T09:25:00+0530,18026.15,18037.8,18016.5,18027.6,0
2022-01-11T09:30:00+0530,18027.9,18032.25,18013.25,18024.7,0
2022-01-11T09:35:00+0530,18024.1,18028.35,17995.75,18003.05,0
2022-01-11T09:40:00+0530,18003.45,18006.65,17970.85,17990.95,0
2022-01-11T09:45:00+0530,17990.45,18018.5,17982.1,18016.8,0
2022-01-11T09:50:00+0530,18016.55,18023.35,17999.6,17999.6,0
2022-01-11T09:55:00+0530,17998.7,18003.95,17982.75,17993.75,0
2022-01-11T10:00:00+0530,17994.9,18000.0,17979.85,17984.6,0
2022-01-11T10:05:00+0530,17985.05,17990.75,17978.3,17983.55,0
2022-01-11T10:10:00+0530,17982.95,17993.55,17982.5,17991.7,0
2022-01-11T10:15:00+0530,17991.95,17992.45,17964.9,17975.8,0
2022-01-11T10:20:00+0530,17975.45,18012.25,17973.4,18010.2,0
2022-01-11T10:25:00+0530,18009.9,18018.85,18007.3,18007.8,0
2022-01-11T10:30:00+0530,18006.8,18033.0,18003.8,18031.25,0
2022-01-11T10:35:00+0530,18032.15,18040.55,18029.6,18035.05,0
2022-01-11T10:40:00+0530,18034.3,18044.55,18029.05,18042.95,0
2022-01-11T10:45:00+0530,18043.4,18044.9,18032.6,18034.0,0
2022-01-11T10:50:00+0530,18033.3,18036.0,18019.7,18020.95,0
2022-01-11T10:55:00+0530,18021.5,18035.6,18020.25,18024.35,0
2022-01-11T11:00:00+0530,18023.95,18035.5,18022.85,18035.5,0
2022-01-11T11:05:00+0530,18035.1,18037.15,18022.9,18024.7,0
2022-01-11T11:10:00+0530,18025.45,18039.5,18025.3,18035.05,0
2022-01-11T11:15:00+0530,18035.6,18041.85,18031.75,18033.85,0
2022-01-11T11:20:00+0530,18034.0,18043.2,18030.8,18039.75,0
2022-01-11T11:25:00+0530,18038.7,18051.6,18038.7,18051.6,0
2022-01-11T11:30:00+0530,18050.85,18058.05,18044.95,18057.5,0
2022-01-11T11:35:00+0530,18057.45,18058.9,18050.75,18054.6,0
2022-01-11T11:40:00+0530,18053.9,18053.9,18039.8,18040.0,0
2022-01-11T11:45:00+0530,18040.1,18047.3,18030.8,18046.2,0
2022-01-11T11:50:00+0530,18046.2,18055.45,18046.2,18050.85,0
2022-01-11T11:55:00+0530,18050.7,18052.8,18044.55,18049.05,0
2022-01-11T12:00:00+0530,18048.8,18049.8,18038.3,18046.7,0
2022-01-11T12:05:00+0530,18046.55,18050.4,18038.2,18040.1,0
2022-01-11T12:10:00+0530,18040.1,18041.5,18022.95,18028.8,0
2022-01-11T12:15:00+0530,18028.55,18032.1,18023.5,18029.8,0
2022-01-11T12:20:00+0530,18029.8,18034.55,18027.65,18030.35,0
2022-01-11T12:25:00+0530,18029.8,18039.15,18024.55,18036.6,0
2022-01-11T12:30:00+0530,18036.2,18038.1,18026.85,18031.5,0
2022-01-11T12:35:00+0530,18031.5,18041.85,18030.1,18038.4,0
2022-01-11T12:40:00+0530,18037.8,18044.2,18035.9,18042.55,0
2022-01-11T12:45:00+0530,18042.25,18043.7,18035.15,18035.6,0
2022-01-11T12:50:00+0530,18035.95,18040.45,18033.85,18037.95,0
2022-01-11T12:55:00+0530,18037.5,18050.35,18037.5,18045.6,0
2022-01-11T13:00:00+0530,18045.75,18064.05,18045.6,18063.15,0
2022-01-11T13:05:00+0530,18063.6,18064.15,18056.8,18060.9,0
2022-01-11T13:10:00+0530,18060.8,18065.0,18057.4,18064.15,0
2022-01-11T13:15:00+0530,18064.15,18068.6,18060.3,18062.95,0
2022-01-11T13:20:00+0530,18062.7,18068.2,18061.35,18067.45,0
2022-01-11T13:25:00+0530,18066.45,18076.35,18064.0,18076.0,0
2022-01-11T13:30:00+0530,18075.7,18080.95,18070.75,18073.5,0
2022-01-11T13:35:00+0530,18072.75,18079.75,18051.0,18073.05,0
2022-01-11T13:40:00+0530,18072.35,18073.05,18064.05,18068.85,0
2022-01-11T13:45:00+0530,18068.75,18069.8,18043.95,18045.2,0
2022-01-11T13:50:00+0530,18044.8,18053.4,18043.3,18045.85,0
2022-01-11T13:55:00+0530,18047.2,18047.65,18037.4,18044.4,0
2022-01-11T14:00:00+0530,18044.55,18051.45,18036.45,18049.85,0
2022-01-11T14:05:00+0530,18048.85,18059.75,18048.85,18059.7,0
2022-01-11T14:10:00+0530,18060.3,18065.7,18058.35,18065.55,0
2022-01-11T14:15:00+0530,18065.25,18073.0,18063.9,18072.95,0
2022-01-11T14:20:00+0530,18071.85,18079.0,18063.45,18063.7,0
2022-01-11T14:25:00+0530,18062.45,18063.45,18052.45,18059.35,0
2022-01-11T14:30:00+0530,18058.55,18061.3,18037.7,18038.05,0
2022-01-11T14:35:00+0530,18038.05,18044.3,18027.35,18030.9,0
2022-01-11T14:40:00+0530,18029.95,18034.6,18002.4,18023.45,0
2022-01-11T14:45:00+0530,18023.7,18034.35,18007.3,18034.0,0
2022-01-11T14:50:00+0530,18035.15,18046.1,18029.25,18044.0,0
2022-01-11T14:55:00+0530,18043.9,18043.9,18031.55,18037.75,0
2022-01-11T15:00:00+0530,18035.85,18051.8,18031.35,18045.7,0
2022-01-11T15:05:00+0530,18045.25,18066.45,18045.2,18063.65,0
2022-01-11T15:10:00+0530,18062.3,18067.5,18057.05,18058.1,0
2022-01-11T15:15:00+0530,18058.45,18058.8,18045.95,18046.85,0
2022-01-11T15:20:00+0530,18047.0,18064.35,18047.0,18062.5,0
2022-01-11T15:25:00+0530,18062.1,18062.6,18050.1,18059.0,0
2022-01-12T09:15:00+0530,18170.4,18181.7,18144.45,18161.9,0
2022-01-12T09:20:00+0530,18162.85,18164.05,18145.2,18157.8,0
2022-01-12T09:25:00+0530,18158.95,18167.45,18148.6,18149.45,0
2022-01-12T09:30:00+0530,18150.8,18156.15,18129.95,18138.25,0
2022-01-12T09:35:00+0530,18138.3,18150.2,18134.8,18149.75,0
2022-01-12T09:40:00+0530,18149.65,18173.75,18143.0,18173.75,0
2022-01-12T09:45:00+0530,18171.45,18175.45,18155.95,18162.8,0
2022-01-12T09:50:00+0530,18161.8,18162.3,18151.1,18161.2,0
2022-01-12T09:55:00+0530,18160.5,18171.55,18157.0,18169.05,0
2022-01-12T10:00:00+0530,18169.5,18169.85,18150.8,18150.8,0
2022-01-12T10:05:00+0530,18147.35,18169.8,18147.35,18154.65,0
2022-01-12T10:10:00+0530,18153.95,18160.75,18150.8,18155.1,0
2022-01-12T10:15:00+0530,18155.2,18163.5,18149.95,18154.55,0
2022-01-12T10:20:00+0530,18154.0,18158.7,18143.1,18158.4,0
2022-01-12T10:25:00+0530,18157.95,18184.55,18157.95,18183.45,0
2022-01-12T10:30:00+0530,18182.9,18186.35,18178.95,18182.0,0
2022-01-12T10:35:00+0530,18182.15,18184.85,18176.3,18183.0,0
2022-01-12T10:40:00+0530,18182.1,18190.35,18175.75,18190.35,0
2022-01-12T10:45:00+0530,18190.55,18192.7,18182.65,18183.9,0
2022-01-12T10:50:00+0530,18183.45,18191.35,18181.5,18186.4,0
2022-01-12T10:55:00+0530,18186.55,18195.95,18184.25,18195.25,0
2022-01-12T11:00:00+0530,18195.05,18199.2,18186.45,18194.35,0
2022-01-12T11:05:00+0530,18194.85,18201.4,18191.65,18194.15,0
2022-01-12T11:10:00+0530,18193.35,18197.55,18189.45,18197.0,0
2022-01-12T11:15:00+0530,18196.6,18205.65,18193.15,18197.2,0
2022-01-12T11:20:00+0530,18197.45,18200.4,18190.4,18192.95,0
2022-01-12T11:25:00+0530,18191.75,18195.55,18184.15,18193.55,0
2022-01-12T11:30:00+0530,18192.7,18208.1,18191.3,18206.7,0
2022-01-12T11:35:00+0530,18207.35,18217.1,18205.35,18212.15,0
2022-01-12T11:40:00+0530,18212.2,18221.0,18208.7,18209.25,0
2022-01-12T11:45:00+0530,18208.9,18212.4,18201.7,18201.7,0
2022-01-12T11:50:00+0530,18201.4,18207.05,18198.6,18199.4,0
2022-01-12T11:55:00+0530,18198.9,18202.35,18189.95,18196.0,0
2022-01-12T12:00:00+0530,18195.45,18197.7,18189.85,18190.6,0
2022-01-12T12:05:00+0530,18190.35,18191.0,18184.2,18190.45,0
2022-01-12T12:10:00+0530,18190.8,18200.85,18190.0,18194.05,0
2022-01-12T12:15:00+0530,18193.8,18198.6,18191.55,18195.6,0
2022-01-12T12:20:00+0530,18195.65,18198.05,18186.35,18192.05,0
2022-01-12T12:25:00+0530,18191.15,18195.95,18183.15,18183.7,0
2022-01-12T12:30:00+0530,18182.75,18194.65,18181.35,18194.65,0
2022-01-12T12:35:00+0530,18195.15,18198.4,18193.05,18194.75,0
2022-01-12T12:40:00+0530,18194.75,18194.75,18185.0,18185.3,0
2022-01-12T12:45:00+0530,18185.95,18195.85,18185.05,18192.3,0
2022-01-12T12:50:00+0530,18192.05,18196.3,18188.55,18190.4,0
2022-01-12T12:55:00+0530,18190.0,18193.7,18176.2,18183.9,0
2022-01-12T13:00:00+0530,18183.35,18192.95,18182.25,18189.75,0
2022-01-12T13:05:00+0530,18189.6,18195.45,18182.4,18195.3,0
2022-01-12T13:10:00+0530,18198.0,18198.15,18185.2,18186.45,0
2022-01-12T13:15:00+0530,18185.3,18187.5,18161.95,18167.4,0
2022-01-12T13:20:00+0530,18166.0,18178.45,18162.4,18177.95,0
2022-01-12T13:25:00+0530,18177.8,18178.6,18168.5,18173.65,0
2022-01-12T13:30:00+0530,18172.7,18188.25,18171.85,18188.25,0
2022-01-12T13:35:00+0530,18188.7,18199.1,18186.7,18193.95,0
2022-01-12T13:40:00+0530,18193.75,18195.15,18188.0,18194.3,0
2022-01-12T13:45:00+0530,18194.15,18195.6,18185.25,18187.8,0
2022-01-12T13:50:00+0530,18187.5,18193.35,18184.85,18186.45,0
2022-01-12T13:55:00+0530,18185.6,18186.9,18165.4,18176.45,0
2022-01-12T14:00:00+0530,18176.85,18176.85,18167.6,18169.1,0
2022-01-12T14:05:00+0530,18169.25,18175.55,18158.75,18171.5,0
2022-01-12T14:10:00+0530,18171.35,18176.05,18167.8,18171.05,0
2022-01-12T14:15:00+0530,18170.4,18181.7,18162.05,18181.0,0
2022-01-12T14:20:00+0530,18181.45,18185.5,18175.85,18178.9,0
2022-01-12T14:25:00+0530,18180.1,18182.45,18173.55,18179.05,0
2022-01-12T14:30:00+0530,18178.0,18184.5,18177.65,18182.6,0
2022-01-12T14:35:00+0530,18182.7,18196.0,18181.7,18195.5,0
2022-01-12T14:40:00+0530,18195.3,18201.1,18193.25,18200.6,0
2022-01-12T14:45:00+0530,18201.15,18201.85,18185.85,18190.8,0
2022-01-12T14:50:00+0530,18190.65,18205.3,18190.25,18203.6,0
2022-01-12T14:55:00+0530,18203.95,18211.8,18203.05,18208.45,0
2022-01-12T15:00:00+0530,18208.25,18227.2,18208.25,18226.05,0
2022-01-12T15:05:00+0530,18225.95,18227.35,18219.1,18219.1,0
2022-01-12T15:10:00+0530,18217.7,18220.55,18211.4,18215.1,0
2022-01-12T15:15:00+0530,18215.1,18217.6,18205.5,18209.35,0
2022-01-12T15:20:00+0530,18209.0,18215.4,18203.15,18205.45,0
2022-01-12T15:25:00+0530,18205.5,18208.15,18192.95,18197.6,0
2022-01-13T09:15:00+0530,18257.0,18257.0,18203.4,18238.75,0
2022-01-13T09:20:00+0530,18238.85,18244.0,18219.7,18233.8,0
2022-01-13T09:25:00+0530,18232.55,18255.85,18226.0,18246.3,0
2022-01-13T09:30:00+0530,18249.95,18260.4,18245.65,18255.7,0
2022-01-13T09:35:00+0530,18257.55,18271.55,18248.4,18267.4,0
2022-01-13T09:40:00+0530,18265.9,18271.5,18255.5,18264.2,0
2022-01-13T09:45:00+0530,18265.65,18270.95,18252.95,18254.45,0
2022-01-13T09:50:00+0530,18254.9,18258.9,18239.05,18251.7,0
2022-01-13T09:55:00+0530,18251.3,18258.65,18239.1,18242.05,0
2022-01-13T10:00:00+0530,18242.45,18244.2,18201.6,18209.35,0
2022-01-13T10:05:00+0530,18208.25,18224.5,18197.7,18197.7,0
2022-01-13T10:10:00+0530,18196.85,18212.25,18187.45,18197.0,0
2022-01-13T10:15:00+0530,18196.25,18218.2,18186.65,18209.35,0
2022-01-13T10:20:00+0530,18208.8,18217.35,18200.95,18210.25,0
2022-01-13T10:25:00+0530,18209.95,18219.15,18200.55,18205.4,0
2022-01-13T10:30:00+0530,18205.65,18205.8,18193.85,18199.7,0
2022-01-13T10:35:00+0530,18199.35,18199.35,18166.5,18171.65,0
2022-01-13T10:40:00+0530,18171.85,18192.45,18164.15,18190.7,0
2022-01-13T10:45:00+0530,18190.65,18211.3,18187.55,18208.95,0
2022-01-13T10:50:00+0530,18208.6,18220.85,18207.35,18215.75,0
2022-01-13T10:55:00+0530,18215.95,18228.25,18206.05,18214.2,0
2022-01-13T11:00:00+0530,18214.65,18217.55,18203.95,18204.8,0
2022-01-13T11:05:00+0530,18205.1,18214.4,18204.4,18213.55,0
2022-01-13T11:10:00+0530,18213.0,18220.6,18209.5,18216.4,0
2022-01-13T11:15:00+0530,18215.95,18226.9,18215.65,18223.3,0
2022-01-13T11:20:00+0530,18222.75,18231.7,18219.7,18230.25,0
2022-01-13T11:25:00+0530,18230.0,18238.0,18229.7,18233.1,0
2022-01-13T11:30:00+0530,18231.9,18235.75,18223.0,18223.4,0
2022-01-13T11:35:00+0530,18224.1,18226.2,18218.8,18222.25,0
2022-01-13T11:40:00+0530,18222.75,18232.95,18222.4,18232.85,0
2022-01-13T11:45:00+0530,18232.0,18240.65,18230.95,18240.15,0
2022-01-13T11:50:00+0530,18239.85,18245.25,18237.65,18245.25,0
2022-01-13T11:55:00+0530,18244.85,18249.6,18242.2,18245.65,0
2022-01-13T12:00:00+0530,18245.6,18251.05,18241.9,18249.7,0
2022-01-13T12:05:00+0530,18249.75,18252.85,18242.4,18244.0,0
2022-01-13T12:10:00+0530,18243.85,18250.8,18242.05,18250.1,0
2022-01-13T12:15:00+0530,18250.4,18256.15,18246.4,18248.25,0
2022-01-13T12:20:00+0530,18248.2,18248.5,18236.2,18236.6,0
2022-01-13T12:25:00+0530,18237.45,18245.15,18231.25,18231.6,0
2022-01-13T12:30:00+0530,18230.85,18235.5,18223.8,18226.2,0
2022-01-13T12:35:00+0530,18225.35,18228.35,18217.3,18217.5,0
2022-01-13T12:40:00+0530,18218.0,18230.2,18216.45,18228.05,0
2022-01-13T12:45:00+0530,18227.8,18235.75,18212.3,18217.75,0
2022-01-13T12:50:00+0530,18217.35,18221.0,18211.1,18212.7,0
2022-01-13T12:55:00+0530,18211.95,18221.1,18208.8,18214.9,0
2022-01-13T13:00:00+0530,18214.95,18226.65,18209.45,18217.75,0
2022-01-13T13:05:00+0530,18218.15,18220.3,18204.0,18210.3,0
2022-01-13T13:10:00+0530,18210.65,18220.25,18208.15,18214.55,0
2022-01-13T13:15:00+0530,18214.85,18214.85,18196.95,18201.2,0
2022-01-13T13:20:00+0530,18201.25,18202.4,18183.65,18184.1,0
2022-01-13T13:25:00+0530,18183.65,18200.85,18183.65,18195.65,0
2022-01-13T13:30:00+0530,18194.95,18216.65,18194.95,18215.1,0
2022-01-13T13:35:00+0530,18215.15,18229.75,18215.15,18223.7,0
2022-01-13T13:40:00+0530,18224.3,18229.4,18222.7,18228.6,0
2022-01-13T13:45:00+0530,18229.2,18233.65,18224.25,18227.55,0
2022-01-13T13:50:00+0530,18227.7,18235.35,18225.45,18234.0,0
2022-01-13T13:55:00+0530,18234.65,18236.05,18229.0,18235.35,0
2022-01-13T14:00:00+0530,18234.5,18245.05,18233.65,18238.85,0
2022-01-13T14:05:00+0530,18238.7,18241.35,18234.2,18239.35,0
2022-01-13T14:10:00+0530,18239.65,18239.8,18216.65,18217.4,0
2022-01-13T14:15:00+0530,18216.85,18228.7,18216.85,18223.25,0
2022-01-13T14:20:00+0530,18223.8,18225.5,18209.25,18217.6,0
2022-01-13T14:25:00+0530,18218.0,18224.9,18213.7,18218.05,0
2022-01-13T14:30:00+0530,18218.4,18224.55,18218.25,18220.0,0
2022-01-13T14:35:00+0530,18220.25,18222.95,18203.9,18205.95,0
2022-01-13T14:40:00+0530,18207.0,18220.85,18205.5,18220.6,0
2022-01-13T14:45:00+0530,18220.4,18224.05,18214.0,18218.2,0
2022-01-13T14:50:00+0530,18219.25,18222.05,18211.25,18211.25,0
2022-01-13T14:55:00+0530,18211.45,18221.9,18211.0,18218.3,0
2022-01-13T15:00:00+0530,18217.9,18251.4,18217.8,18251.4,0
2022-01-13T15:05:00+0530,18252.0,18259.05,18244.95,18257.7,0
2022-01-13T15:10:00+0530,18257.55,18269.5,18256.25,18269.5,0
2022-01-13T15:15:00+0530,18269.15,18269.8,18261.9,18263.2,0
2022-01-13T15:20:00+0530,18263.05,18266.7,18257.75,18263.45,0
2022-01-13T15:25:00+0530,18263.7,18264.35,18255.25,18258.55,0
2022-01-14T09:15:00+0530,18185.0,18185.0,18120.95,18133.35,0
2022-01-14T09:20:00+0530,18132.7,18181.2,18129.1,18181.0,0
2022-01-14T09:25:00+0530,18182.15,18183.25,18167.8,18183.25,0
2022-01-14T09:30:00+0530,18182.5,18197.6,18167.6,18195.3,0
2022-01-14T09:35:00+0530,18194.35,18223.85,18194.15,18217.25,0
2022-01-14T09:40:00+0530,18216.9,18228.1,18207.6,18223.9,0
2022-01-14T09:45:00+0530,18224.65,18229.25,18216.8,18229.1,0
2022-01-14T09:50:00+0530,18228.75,18230.9,18209.55,18213.9,0
2022-01-14T09:55:00+0530,18214.45,18214.45,18201.5,18202.85,0
2022-01-14T10:00:00+0530,18202.05,18202.05,18187.0,18193.75,0
2022-01-14T10:05:00+0530,18194.85,18206.45,18184.2,18185.1,0
2022-01-14T10:10:00+0530,18184.1,18204.85,18184.05,18202.1,0
2022-01-14T10:15:00+0530,18202.55,18214.65,18196.85,18210.9,0
2022-01-14T10:20:00+0530,18209.7,18217.2,18205.55,18205.55,0
2022-01-14T10:25:00+0530,18206.95,18206.95,18188.2,18192.65,0
2022-01-14T10:30:00+0530,18192.8,18197.6,18177.1,18182.0,0
2022-01-14T10:35:00+0530,18181.75,18182.15,18171.75,18171.75,0
2022-01-14T10:40:00+0530,18172.4,18173.4,18153.7,18167.15,0
2022-01-14T10:45:00+0530,18165.75,18184.3,18164.35,18182.05,0
2022-01-14T10:50:00+0530,18181.5,18188.4,18175.75,18177.2,0
2022-01-14T10:55:00+0530,18177.2,18188.4,18177.1,18180.9,0
2022-01-14T11:00:00+0530,18178.8,18182.35,18166.05,18179.95,0
2022-01-14T11:05:00+0530,18178.65,18188.55,18178.65,18185.8,0
2022-01-14T11:10:00+0530,18185.95,18192.75,18183.5,18186.4,0
2022-01-14T11:15:00+0530,18185.95,18186.2,18172.05,18175.05,0
2022-01-14T11:20:00+0530,18175.25,18181.55,18171.55,18177.25,0
2022-01-14T11:25:00+0530,18177.15,18177.25,18157.8,18164.25,0
2022-01-14T11:30:00+0530,18164.35,18164.35,18141.65,18149.0,0
2022-01-14T11:35:00+0530,18147.1,18157.9,18147.1,18156.85,0
2022-01-14T11:40:00+0530,18156.75,18178.0,18156.75,18169.3,0
2022-01-14T11:45:00+0530,18168.95,18180.85,18168.95,18179.1,0
2022-01-14T11:50:00+0530,18179.15,18185.65,18178.1,18179.6,0
2022-01-14T11:55:00+0530,18180.55,18182.75,18170.1,18172.45,0
2022-01-14T12:00:00+0530,18173.05,18187.8,18172.15,18185.55,0
2022-01-14T12:05:00+0530,18184.65,18192.45,18181.2,18184.8,0
2022-01-14T12:10:00+0530,18184.5,18197.9,18184.0,18195.5,0
2022-01-14T12:15:00+0530,18195.9,18196.35,18188.5,18190.25,0
2022-01-14T12:20:00+0530,18190.6,18193.2,18183.85,18189.35,0
2022-01-14T12:25:00+0530,18189.05,18200.1,18179.85,18195.5,0
2022-01-14T12:30:00+0530,18195.6,18207.55,18190.85,18205.05,0
2022-01-14T12:35:00+0530,18204.7,18209.9,18202.6,18203.9,0
2022-01-14T12:40:00+0530,18204.45,18215.35,18203.45,18210.95,0
2022-01-14T12:45:00+0530,18210.45,18222.75,18210.45,18221.7,0
2022-01-14T12:50:00+0530,18220.75,18226.5,18219.65,18220.85,0
2022-01-14T12:55:00+0530,18220.9,18220.9,18205.25,18205.45,0
2022-01-14T13:00:00+0530,18206.3,18217.25,18203.6,18211.15,0
2022-01-14T13:05:00+0530,18212.15,18222.95,18210.5,18220.85,0
2022-01-14T13:10:00+0530,18220.25,18222.1,18214.15,18218.3,0
2022-01-14T13:15:00+0530,18218.45,18223.85,18211.45,18211.45,0
2022-01-14T13:20:00+0530,18211.7,18225.5,18210.75,18224.65,0
2022-01-14T13:25:00+0530,18224.55,18230.05,18216.7,18217.55,0
2022-01-14T13:30:00+0530,18217.35,18223.9,18215.35,18216.1,0
2022-01-14T13:35:00+0530,18215.85,18224.3,18215.2,18220.35,0
2022-01-14T13:40:00+0530,18219.4,18230.8,18218.9,18226.1,0
2022-01-14T13:45:00+0530,18226.6,18241.25,18226.6,18240.25,0
2022-01-14T13:50:00+0530,18240.1,18249.6,18238.45,18247.1,0
2022-01-14T13:55:00+0530,18247.1,18251.15,18242.65,18244.05,0
2022-01-14T14:00:00+0530,18243.4,18247.05,18235.55,18243.8,0
2022-01-14T14:05:00+0530,18242.35,18245.2,18228.05,18228.8,0
2022-01-14T14:10:00+0530,18229.05,18229.4,18219.4,18226.4,0
2022-01-14T14:15:00+0530,18227.15,18234.7,18221.15,18224.9,0
2022-01-14T14:20:00+0530,18224.5,18231.45,18217.5,18227.45,0
2022-01-14T14:25:00+0530,18227.65,18242.25,18225.0,18237.65,0
2022-01-14T14:30:00+0530,18237.65,18244.1,18235.15,18237.75,0
2022-01-14T14:35:00+0530,18236.9,18237.85,18228.85,18235.85,0
2022-01-14T14:40:00+0530,18235.6,18238.5,18233.65,18237.45,0
2022-01-14T14:45:00+0530,18237.1,18253.3,18236.35,18250.95,0
2022-01-14T14:50:00+0530,18250.2,18255.35,18247.0,18254.15,0
2022-01-14T14:55:00+0530,18253.95,18260.2,18252.95,18258.55,0
2022-01-14T15:00:00+0530,18257.55,18283.45,18257.55,18283.45,0
2022-01-14T15:05:00+0530,18283.4,18286.6,18258.3,18259.9,0
2022-01-14T15:10:00+0530,18260.0,18264.3,18254.85,18255.2,0
2022-01-14T15:15:00+0530,18255.0,18258.8,18246.95,18247.85,0
2022-01-14T15:20:00+0530,18248.1,18250.25,18237.65,18242.4,0
2022-01-14T15:25:00+0530,18244.2,18245.2,18233.15,18235.5,0
2022-01-17T09:15:00+0530,18235.65,18297.55,18234.05,18296.4,0
2022-01-17T09:20:00+0530,18295.6,18304.0,18282.95,18299.45,0
2022-01-17T09:25:00+0530,18300.7,18300.7,18245.2,18256.75,0
2022-01-17T09:30:00+0530,18257.5,18268.65,18244.9,18255.65,0
2022-01-17T09:35:00+0530,18255.6,18284.25,18249.85,18276.15,0
2022-01-17T09:40:00+0530,18276.0,18279.2,18253.6,18263.45,0
2022-01-17T09:45:00+0530,18262.25,18262.25,18237.05,18253.5,0
2022-01-17T09:50:00+0530,18252.65,18267.9,18238.5,18257.4,0
2022-01-17T09:55:00+0530,18257.75,18271.3,18252.3,18261.05,0
2022-01-17T10:00:00+0530,18261.35,18284.25,18261.35,18279.85,0
2022-01-17T10:05:00+0530,18279.6,18288.95,18269.3,18283.2,0
2022-01-17T10:10:00+0530,18283.45,18290.5,18277.55,18288.75,0
2022-01-17T10:15:00+0530,18288.5,18292.9,18278.7,18280.7,0
2022-01-17T10:20:00+0530,18281.05,18286.2,18271.6,18285.15,0
2022-01-17T10:25:00+0530,18286.7,18294.55,18269.85,18272.15,0
2022-01-17T10:30:00+0530,18271.65,18283.9,18271.65,18277.6,0
2022-01-17T10:35:00+0530,18277.6,18287.1,18276.4,18284.45,0
2022-01-17T10:40:00+0530,18284.3,18288.45,18279.1,18287.0,0
2022-01-17T10:45:00+0530,18287.55,18294.0,18285.7,18286.8,0
2022-01-17T10:50:00+0530,18285.95,18291.55,18285.95,18287.95,0
2022-01-17T10:55:00+0530,18288.15,18303.3,18286.95,18301.45,0
2022-01-17T11:00:00+0530,18302.1,18312.1,18292.2,18305.55,0
2022-01-17T11:05:00+0530,18306.2,18307.95,18297.6,18300.95,0
2022-01-17T11:10:00+0530,18300.7,18301.0,18293.7,18299.95,0
2022-01-17T11:15:00+0530,18299.1,18313.45,18298.3,18312.15,0
2022-01-17T11:20:00+0530,18312.45,18312.6,18305.0,18308.1,0
2022-01-17T11:25:00+0530,18307.55,18308.85,18290.2,18291.9,0
2022-01-17T11:30:00+0530,18291.75,18293.3,18280.7,18290.8,0
2022-01-17T11:35:00+0530,18291.6,18295.45,18283.95,18294.9,0
2022-01-17T11:40:00+0530,18294.85,18296.35,18289.85,18290.55,0
2022-01-17T11:45:00+0530,18291.4,18293.45,18286.5,18288.35,0
2022-01-17T11:50:00+0530,18288.6,18304.75,18286.95,18302.55,0
2022-01-17T11:55:00+0530,18302.95,18313.4,18302.8,18307.3,0
2022-01-17T12:00:00+0530,18307.65,18309.15,18301.05,18302.55,0
2022-01-17T12:05:00+0530,18302.1,18306.55,18297.45,18298.25,0
2022-01-17T12:10:00+0530,18297.65,18300.75,18291.1,18295.05,0
2022-01-17T12:15:00+0530,18295.5,18299.75,18278.05,18297.4,0
2022-01-17T12:20:00+0530,18297.2,18302.15,18294.25,18298.85,0
2022-01-17T12:25:00+0530,18299.55,18302.1,18287.6,18296.9,0
2022-01-17T12:30:00+0530,18296.95,18301.2,18289.0,18295.55,0
2022-01-17T12:35:00+0530,18295.6,18303.75,18293.7,18295.5,0
2022-01-17T12:40:00+0530,18295.6,18302.75,18295.6,18297.35,0
2022-01-17T12:45:00+0530,18297.45,18301.4,18287.55,18287.55,0
2022-01-17T12:50:00+0530,18286.2,18294.75,18279.95,18290.7,0
2022-01-17T12:55:00+0530,18290.2,18295.85,18287.1,18287.2,0
2022-01-17T13:00:00+0530,18286.9,18301.55,18286.25,18295.85,0
2022-01-17T13:05:00+0530,18296.1,18304.7,18294.8,18294.8,0
2022-01-17T13:10:00+0530,18294.55,18301.05,18294.15,18295.45,0
2022-01-17T13:15:00+0530,18295.75,18301.2,18293.05,18299.15,0
2022-01-17T13:20:00+0530,18298.1,18300.05,18291.85,18300.05,0
2022-01-17T13:25:00+0530,18299.75,18302.45,18292.5,18295.65,0
2022-01-17T13:30:00+0530,18296.35,18298.7,18291.25,18293.9,0
2022-01-17T13:35:00+0530,18293.3,18294.5,18281.75,18283.25,0
2022-01-17T13:40:00+0530,18283.2,18283.8,18267.15,18267.15,0
2022-01-17T13:45:00+0530,18267.35,18280.4,18260.65,18278.8,0
2022-01-17T13:50:00+0530,18278.7,18291.25,18276.3,18290.7,0
2022-01-17T13:55:00+0530,18290.45,18302.55,18288.65,18301.85,0
2022-01-17T14:00:00+0530,18301.85,18309.25,18301.85,18305.25,0
2022-01-17T14:05:00+0530,18304.85,18309.25,18287.75,18299.1,0
2022-01-17T14:10:00+0530,18299.15,18303.0,18294.1,18298.0,0
2022-01-17T14:15:00+0530,18298.35,18301.3,18292.0,18298.1,0
2022-01-17T14:20:00+0530,18298.65,18302.9,18295.85,18301.45,0
2022-01-17T14:25:00+0530,18301.75,18311.7,18301.4,18307.35,0
2022-01-17T14:30:00+0530,18307.5,18312.8,18305.85,18307.25,0
2022-01-17T14:35:00+0530,18307.4,18320.15,18302.35,18316.75,0
2022-01-17T14:40:00+0530,18316.6,18321.05,18293.45,18301.5,0
2022-01-17T14:45:00+0530,18300.9,18316.6,18300.15,18308.5,0
2022-01-17T14:50:00+0530,18307.95,18311.8,18295.45,18298.2,0
2022-01-17T14:55:00+0530,18298.4,18307.15,18298.4,18306.9,0
2022-01-17T15:00:00+0530,18306.65,18315.6,18295.55,18305.2,0
2022-01-17T15:05:00+0530,18305.1,18308.55,18301.2,18305.25,0
2022-01-17T15:10:00+0530,18304.4,18309.25,18303.1,18305.65,0
2022-01-17T15:15:00+0530,18304.15,18313.05,18301.7,18308.2,0
2022-01-17T15:20:00+0530,18308.2,18313.45,18302.8,18309.6,0
2022-01-17T15:25:00+0530,18309.6,18314.8,18306.5,18309.7,0
